Analysis & Synthesis report for Game_PokeD
Thu May 29 21:58:32 2025
Quartus Prime Version 23.1std.1 Build 993 05/14/2024 SC Lite Edition


---------------------
; Table of Contents ;
---------------------
  1. Legal Notice
  2. Analysis & Synthesis Summary
  3. Analysis & Synthesis Settings
  4. Parallel Compilation
  5. Analysis & Synthesis Source Files Read
  6. Analysis & Synthesis Resource Usage Summary
  7. Analysis & Synthesis Resource Utilization by Entity
  8. State Machine - |Game_PokeD|vga_driver:vga_driver_inst|v_state
  9. State Machine - |Game_PokeD|vga_driver:vga_driver_inst|h_state
 10. State Machine - |Game_PokeD|player_fsm:player2_fsm_instance|current_player_state_reg
 11. State Machine - |Game_PokeD|player_fsm:player1_fsm_instance|current_player_state_reg
 12. Registers Removed During Synthesis
 13. Removed Registers Triggering Further Register Optimizations
 14. General Register Statistics
 15. Inverted Register Statistics
 16. Multiplexer Restructuring Statistics (Restructuring Performed)
 17. Parameter Settings for User Entity Instance: clock_divider_functional:clock_divider_25MHz_inst
 18. Parameter Settings for User Entity Instance: clock_divider_functional:clock_divider_60Hz_inst
 19. Parameter Settings for User Entity Instance: cpu_bot:cpu_bot_inst|LFSR_16:lfsr_unit|shift_register:my_shift_register
 20. Parameter Settings for User Entity Instance: vga_driver:vga_driver_inst
 21. Parameter Settings for Inferred Entity Instance: SevenSegmentDisplay_module:seven_seg_display_inst|lpm_divide:Mod0
 22. Parameter Settings for Inferred Entity Instance: SevenSegmentDisplay_module:seven_seg_display_inst|lpm_divide:Div0
 23. Port Connectivity Checks: "LED_Output_module:led_output_inst"
 24. Port Connectivity Checks: "SevenSegmentDisplay_module:seven_seg_display_inst|hexto7seg:inst_hex3"
 25. Port Connectivity Checks: "SevenSegmentDisplay_module:seven_seg_display_inst|hexto7seg:inst_hex5"
 26. Port Connectivity Checks: "game_logic_fsm:game_logic_inst"
 27. Port Connectivity Checks: "player_fsm:player2_fsm_instance"
 28. Port Connectivity Checks: "player_fsm:player1_fsm_instance"
 29. Port Connectivity Checks: "cpu_bot:cpu_bot_inst|LFSR_16:lfsr_unit|shift_register:my_shift_register"
 30. Port Connectivity Checks: "cpu_bot:cpu_bot_inst|LFSR_16:lfsr_unit"
 31. Post-Synthesis Netlist Statistics for Top Partition
 32. Elapsed Time Per Partition
 33. Analysis & Synthesis Messages
 34. Analysis & Synthesis Suppressed Messages



----------------
; Legal Notice ;
----------------
Copyright (C) 2024  Intel Corporation. All rights reserved.
Your use of Intel Corporation's design tools, logic functions 
and other software and tools, and any partner logic 
functions, and any output files from any of the foregoing 
(including device programming or simulation files), and any 
associated documentation or information are expressly subject 
to the terms and conditions of the Intel Program License 
Subscription Agreement, the Intel Quartus Prime License Agreement,
the Intel FPGA IP License Agreement, or other applicable license
agreement, including, without limitation, that your use is for
the sole purpose of programming logic devices manufactured by
Intel and sold by Intel or its authorized distributors.  Please
refer to the applicable agreement for further details, at
https://fpgasoftware.intel.com/eula.



+----------------------------------------------------------------------------------+
; Analysis & Synthesis Summary                                                     ;
+---------------------------------+------------------------------------------------+
; Analysis & Synthesis Status     ; Successful - Thu May 29 21:58:32 2025          ;
; Quartus Prime Version           ; 23.1std.1 Build 993 05/14/2024 SC Lite Edition ;
; Revision Name                   ; Game_PokeD                                     ;
; Top-level Entity Name           ; Game_PokeD                                     ;
; Family                          ; Cyclone V                                      ;
; Logic utilization (in ALMs)     ; N/A                                            ;
; Total registers                 ; 262                                            ;
; Total pins                      ; 93                                             ;
; Total virtual pins              ; 0                                              ;
; Total block memory bits         ; 0                                              ;
; Total DSP Blocks                ; 0                                              ;
; Total HSSI RX PCSs              ; 0                                              ;
; Total HSSI PMA RX Deserializers ; 0                                              ;
; Total HSSI TX PCSs              ; 0                                              ;
; Total HSSI PMA TX Serializers   ; 0                                              ;
; Total PLLs                      ; 0                                              ;
; Total DLLs                      ; 0                                              ;
+---------------------------------+------------------------------------------------+


+---------------------------------------------------------------------------------------------------------------------------+
; Analysis & Synthesis Settings                                                                                             ;
+---------------------------------------------------------------------------------+--------------------+--------------------+
; Option                                                                          ; Setting            ; Default Value      ;
+---------------------------------------------------------------------------------+--------------------+--------------------+
; Device                                                                          ; 5CSEMA5F31C6       ;                    ;
; Top-level entity name                                                           ; Game_PokeD         ; Game_PokeD         ;
; Family name                                                                     ; Cyclone V          ; Cyclone V          ;
; Use smart compilation                                                           ; Off                ; Off                ;
; Enable parallel Assembler and Timing Analyzer during compilation                ; On                 ; On                 ;
; Enable compact report table                                                     ; Off                ; Off                ;
; Restructure Multiplexers                                                        ; Auto               ; Auto               ;
; MLAB Add Timing Constraints For Mixed-Port Feed-Through Mode Setting Don't Care ; Off                ; Off                ;
; Create Debugging Nodes for IP Cores                                             ; Off                ; Off                ;
; Preserve fewer node names                                                       ; On                 ; On                 ;
; Intel FPGA IP Evaluation Mode                                                   ; Enable             ; Enable             ;
; Verilog Version                                                                 ; Verilog_2001       ; Verilog_2001       ;
; VHDL Version                                                                    ; VHDL_1993          ; VHDL_1993          ;
; State Machine Processing                                                        ; Auto               ; Auto               ;
; Safe State Machine                                                              ; Off                ; Off                ;
; Extract Verilog State Machines                                                  ; On                 ; On                 ;
; Extract VHDL State Machines                                                     ; On                 ; On                 ;
; Ignore Verilog initial constructs                                               ; Off                ; Off                ;
; Iteration limit for constant Verilog loops                                      ; 5000               ; 5000               ;
; Iteration limit for non-constant Verilog loops                                  ; 250                ; 250                ;
; Add Pass-Through Logic to Inferred RAMs                                         ; On                 ; On                 ;
; Infer RAMs from Raw Logic                                                       ; On                 ; On                 ;
; Parallel Synthesis                                                              ; On                 ; On                 ;
; DSP Block Balancing                                                             ; Auto               ; Auto               ;
; NOT Gate Push-Back                                                              ; On                 ; On                 ;
; Power-Up Don't Care                                                             ; On                 ; On                 ;
; Remove Redundant Logic Cells                                                    ; Off                ; Off                ;
; Remove Duplicate Registers                                                      ; On                 ; On                 ;
; Ignore CARRY Buffers                                                            ; Off                ; Off                ;
; Ignore CASCADE Buffers                                                          ; Off                ; Off                ;
; Ignore GLOBAL Buffers                                                           ; Off                ; Off                ;
; Ignore ROW GLOBAL Buffers                                                       ; Off                ; Off                ;
; Ignore LCELL Buffers                                                            ; Off                ; Off                ;
; Ignore SOFT Buffers                                                             ; On                 ; On                 ;
; Limit AHDL Integers to 32 Bits                                                  ; Off                ; Off                ;
; Optimization Technique                                                          ; Balanced           ; Balanced           ;
; Carry Chain Length                                                              ; 70                 ; 70                 ;
; Auto Carry Chains                                                               ; On                 ; On                 ;
; Auto Open-Drain Pins                                                            ; On                 ; On                 ;
; Perform WYSIWYG Primitive Resynthesis                                           ; Off                ; Off                ;
; Auto ROM Replacement                                                            ; On                 ; On                 ;
; Auto RAM Replacement                                                            ; On                 ; On                 ;
; Auto DSP Block Replacement                                                      ; On                 ; On                 ;
; Auto Shift Register Replacement                                                 ; Auto               ; Auto               ;
; Allow Shift Register Merging across Hierarchies                                 ; Auto               ; Auto               ;
; Auto Clock Enable Replacement                                                   ; On                 ; On                 ;
; Strict RAM Replacement                                                          ; Off                ; Off                ;
; Allow Synchronous Control Signals                                               ; On                 ; On                 ;
; Force Use of Synchronous Clear Signals                                          ; Off                ; Off                ;
; Auto Resource Sharing                                                           ; Off                ; Off                ;
; Allow Any RAM Size For Recognition                                              ; Off                ; Off                ;
; Allow Any ROM Size For Recognition                                              ; Off                ; Off                ;
; Allow Any Shift Register Size For Recognition                                   ; Off                ; Off                ;
; Use LogicLock Constraints during Resource Balancing                             ; On                 ; On                 ;
; Ignore translate_off and synthesis_off directives                               ; Off                ; Off                ;
; Timing-Driven Synthesis                                                         ; On                 ; On                 ;
; Report Parameter Settings                                                       ; On                 ; On                 ;
; Report Source Assignments                                                       ; On                 ; On                 ;
; Report Connectivity Checks                                                      ; On                 ; On                 ;
; Ignore Maximum Fan-Out Assignments                                              ; Off                ; Off                ;
; Synchronization Register Chain Length                                           ; 3                  ; 3                  ;
; Power Optimization During Synthesis                                             ; Normal compilation ; Normal compilation ;
; HDL message level                                                               ; Level2             ; Level2             ;
; Suppress Register Optimization Related Messages                                 ; Off                ; Off                ;
; Number of Removed Registers Reported in Synthesis Report                        ; 5000               ; 5000               ;
; Number of Swept Nodes Reported in Synthesis Report                              ; 5000               ; 5000               ;
; Number of Inverted Registers Reported in Synthesis Report                       ; 100                ; 100                ;
; Clock MUX Protection                                                            ; On                 ; On                 ;
; Auto Gated Clock Conversion                                                     ; Off                ; Off                ;
; Block Design Naming                                                             ; Auto               ; Auto               ;
; SDC constraint protection                                                       ; Off                ; Off                ;
; Synthesis Effort                                                                ; Auto               ; Auto               ;
; Shift Register Replacement - Allow Asynchronous Clear Signal                    ; On                 ; On                 ;
; Pre-Mapping Resynthesis Optimization                                            ; Off                ; Off                ;
; Analysis & Synthesis Message Level                                              ; Medium             ; Medium             ;
; Disable Register Merging Across Hierarchies                                     ; Auto               ; Auto               ;
; Resource Aware Inference For Block RAM                                          ; On                 ; On                 ;
; Automatic Parallel Synthesis                                                    ; On                 ; On                 ;
; Partial Reconfiguration Bitstream ID                                            ; Off                ; Off                ;
+---------------------------------------------------------------------------------+--------------------+--------------------+


+------------------------------------------+
; Parallel Compilation                     ;
+----------------------------+-------------+
; Processors                 ; Number      ;
+----------------------------+-------------+
; Number detected on machine ; 12          ;
; Maximum allowed            ; 12          ;
;                            ;             ;
; Average used               ; 1.00        ;
; Maximum used               ; 12          ;
;                            ;             ;
; Usage by Processor         ; % Time Used ;
;     Processor 1            ; 100.0%      ;
;     Processor 2            ;   0.0%      ;
;     Processor 3            ;   0.0%      ;
;     Processor 4            ;   0.0%      ;
;     Processor 5            ;   0.0%      ;
;     Processor 6            ;   0.0%      ;
;     Processors 7-12        ;   0.0%      ;
+----------------------------+-------------+


+-----------------------------------------------------------------------------------------------------------------------------------------------------------------------------+
; Analysis & Synthesis Source Files Read                                                                                                                                      ;
+----------------------------------+-----------------+------------------------------+-------------------------------------------------------------------------------+---------+
; File Name with User-Entered Path ; Used in Netlist ; File Type                    ; File Name with Absolute Path                                                  ; Library ;
+----------------------------------+-----------------+------------------------------+-------------------------------------------------------------------------------+---------+
; clock_divider_functional.v       ; yes             ; User Verilog HDL File        ; D:/Users/mehme/Desktop/pocketgame/clock_divider_functional.v                  ;         ;
; cpu_bot.v                        ; yes             ; User Verilog HDL File        ; D:/Users/mehme/Desktop/pocketgame/cpu_bot.v                                   ;         ;
; game_logic_fsm.v                 ; yes             ; User Verilog HDL File        ; D:/Users/mehme/Desktop/pocketgame/game_logic_fsm.v                            ;         ;
; Game_PokeD.v                     ; yes             ; User Verilog HDL File        ; D:/Users/mehme/Desktop/pocketgame/Game_PokeD.v                                ;         ;
; hexto7seg.v                      ; yes             ; User Verilog HDL File        ; D:/Users/mehme/Desktop/pocketgame/hexto7seg.v                                 ;         ;
; LED_Output_module.v              ; yes             ; User Verilog HDL File        ; D:/Users/mehme/Desktop/pocketgame/LED_Output_module.v                         ;         ;
; LFSR_16.v                        ; yes             ; User Verilog HDL File        ; D:/Users/mehme/Desktop/pocketgame/LFSR_16.v                                   ;         ;
; player_fsm.v                     ; yes             ; User Verilog HDL File        ; D:/Users/mehme/Desktop/pocketgame/player_fsm.v                                ;         ;
; SevenSegmentDisplay_module.v     ; yes             ; User Verilog HDL File        ; D:/Users/mehme/Desktop/pocketgame/SevenSegmentDisplay_module.v                ;         ;
; shift_register.v                 ; yes             ; User Verilog HDL File        ; D:/Users/mehme/Desktop/pocketgame/shift_register.v                            ;         ;
; vga_driver.v                     ; yes             ; User Verilog HDL File        ; D:/Users/mehme/Desktop/pocketgame/vga_driver.v                                ;         ;
; vga_graphics_connector.v         ; yes             ; User Verilog HDL File        ; D:/Users/mehme/Desktop/pocketgame/vga_graphics_connector.v                    ;         ;
; lpm_divide.tdf                   ; yes             ; Megafunction                 ; d:/intelfpga_lite/23.1std/quartus/libraries/megafunctions/lpm_divide.tdf      ;         ;
; abs_divider.inc                  ; yes             ; Megafunction                 ; d:/intelfpga_lite/23.1std/quartus/libraries/megafunctions/abs_divider.inc     ;         ;
; sign_div_unsign.inc              ; yes             ; Megafunction                 ; d:/intelfpga_lite/23.1std/quartus/libraries/megafunctions/sign_div_unsign.inc ;         ;
; aglobal231.inc                   ; yes             ; Megafunction                 ; d:/intelfpga_lite/23.1std/quartus/libraries/megafunctions/aglobal231.inc      ;         ;
; db/lpm_divide_1go.tdf            ; yes             ; Auto-Generated Megafunction  ; D:/Users/mehme/Desktop/pocketgame/db/lpm_divide_1go.tdf                       ;         ;
; db/abs_divider_7ag.tdf           ; yes             ; Auto-Generated Megafunction  ; D:/Users/mehme/Desktop/pocketgame/db/abs_divider_7ag.tdf                      ;         ;
; db/alt_u_div_use.tdf             ; yes             ; Auto-Generated Megafunction  ; D:/Users/mehme/Desktop/pocketgame/db/alt_u_div_use.tdf                        ;         ;
; db/lpm_abs_kn9.tdf               ; yes             ; Auto-Generated Megafunction  ; D:/Users/mehme/Desktop/pocketgame/db/lpm_abs_kn9.tdf                          ;         ;
; db/lpm_abs_nn9.tdf               ; yes             ; Auto-Generated Megafunction  ; D:/Users/mehme/Desktop/pocketgame/db/lpm_abs_nn9.tdf                          ;         ;
; db/lpm_divide_uno.tdf            ; yes             ; Auto-Generated Megafunction  ; D:/Users/mehme/Desktop/pocketgame/db/lpm_divide_uno.tdf                       ;         ;
+----------------------------------+-----------------+------------------------------+-------------------------------------------------------------------------------+---------+


+------------------------------------------------------------+
; Analysis & Synthesis Resource Usage Summary                ;
+---------------------------------------------+--------------+
; Resource                                    ; Usage        ;
+---------------------------------------------+--------------+
; Estimate of Logic utilization (ALMs needed) ; 615          ;
;                                             ;              ;
; Combinational ALUT usage for logic          ; 1046         ;
;     -- 7 input functions                    ; 16           ;
;     -- 6 input functions                    ; 161          ;
;     -- 5 input functions                    ; 151          ;
;     -- 4 input functions                    ; 127          ;
;     -- <=3 input functions                  ; 591          ;
;                                             ;              ;
; Dedicated logic registers                   ; 262          ;
;                                             ;              ;
; I/O pins                                    ; 93           ;
;                                             ;              ;
; Total DSP Blocks                            ; 0            ;
;                                             ;              ;
; Maximum fan-out node                        ; KEY[0]~input ;
; Maximum fan-out                             ; 246          ;
; Total fan-out                               ; 4765         ;
; Average fan-out                             ; 3.19         ;
+---------------------------------------------+--------------+


+-------------------------------------------------------------------------------------------------------------------------------------------------------------------------------------------------------------------------------------------------------------------------------------------------------------------------------------------------------------------------+
; Analysis & Synthesis Resource Utilization by Entity                                                                                                                                                                                                                                                                                                                     ;
+--------------------------------------------------------+---------------------+---------------------------+-------------------+------------+------+--------------+-----------------------------------------------------------------------------------------------------------------------------------------------------------+----------------------------+--------------+
; Compilation Hierarchy Node                             ; Combinational ALUTs ; Dedicated Logic Registers ; Block Memory Bits ; DSP Blocks ; Pins ; Virtual Pins ; Full Hierarchy Name                                                                                                                                       ; Entity Name                ; Library Name ;
+--------------------------------------------------------+---------------------+---------------------------+-------------------+------------+------+--------------+-----------------------------------------------------------------------------------------------------------------------------------------------------------+----------------------------+--------------+
; |Game_PokeD                                            ; 1046 (156)          ; 262 (0)                   ; 0                 ; 0          ; 93   ; 0            ; |Game_PokeD                                                                                                                                               ; Game_PokeD                 ; work         ;
;    |LED_Output_module:led_output_inst|                 ; 16 (16)             ; 13 (13)                   ; 0                 ; 0          ; 0    ; 0            ; |Game_PokeD|LED_Output_module:led_output_inst                                                                                                             ; LED_Output_module          ; work         ;
;    |SevenSegmentDisplay_module:seven_seg_display_inst| ; 148 (14)            ; 0 (0)                     ; 0                 ; 0          ; 0    ; 0            ; |Game_PokeD|SevenSegmentDisplay_module:seven_seg_display_inst                                                                                             ; SevenSegmentDisplay_module ; work         ;
;       |hexto7seg:inst_hex0|                            ; 7 (7)               ; 0 (0)                     ; 0                 ; 0          ; 0    ; 0            ; |Game_PokeD|SevenSegmentDisplay_module:seven_seg_display_inst|hexto7seg:inst_hex0                                                                         ; hexto7seg                  ; work         ;
;       |hexto7seg:inst_hex1|                            ; 7 (7)               ; 0 (0)                     ; 0                 ; 0          ; 0    ; 0            ; |Game_PokeD|SevenSegmentDisplay_module:seven_seg_display_inst|hexto7seg:inst_hex1                                                                         ; hexto7seg                  ; work         ;
;       |hexto7seg:inst_hex2|                            ; 2 (2)               ; 0 (0)                     ; 0                 ; 0          ; 0    ; 0            ; |Game_PokeD|SevenSegmentDisplay_module:seven_seg_display_inst|hexto7seg:inst_hex2                                                                         ; hexto7seg                  ; work         ;
;       |hexto7seg:inst_hex3|                            ; 3 (3)               ; 0 (0)                     ; 0                 ; 0          ; 0    ; 0            ; |Game_PokeD|SevenSegmentDisplay_module:seven_seg_display_inst|hexto7seg:inst_hex3                                                                         ; hexto7seg                  ; work         ;
;       |hexto7seg:inst_hex4|                            ; 5 (5)               ; 0 (0)                     ; 0                 ; 0          ; 0    ; 0            ; |Game_PokeD|SevenSegmentDisplay_module:seven_seg_display_inst|hexto7seg:inst_hex4                                                                         ; hexto7seg                  ; work         ;
;       |hexto7seg:inst_hex5|                            ; 2 (2)               ; 0 (0)                     ; 0                 ; 0          ; 0    ; 0            ; |Game_PokeD|SevenSegmentDisplay_module:seven_seg_display_inst|hexto7seg:inst_hex5                                                                         ; hexto7seg                  ; work         ;
;       |lpm_divide:Div0|                                ; 54 (0)              ; 0 (0)                     ; 0                 ; 0          ; 0    ; 0            ; |Game_PokeD|SevenSegmentDisplay_module:seven_seg_display_inst|lpm_divide:Div0                                                                             ; lpm_divide                 ; work         ;
;          |lpm_divide_uno:auto_generated|               ; 54 (0)              ; 0 (0)                     ; 0                 ; 0          ; 0    ; 0            ; |Game_PokeD|SevenSegmentDisplay_module:seven_seg_display_inst|lpm_divide:Div0|lpm_divide_uno:auto_generated                                               ; lpm_divide_uno             ; work         ;
;             |abs_divider_7ag:divider|                  ; 54 (0)              ; 0 (0)                     ; 0                 ; 0          ; 0    ; 0            ; |Game_PokeD|SevenSegmentDisplay_module:seven_seg_display_inst|lpm_divide:Div0|lpm_divide_uno:auto_generated|abs_divider_7ag:divider                       ; abs_divider_7ag            ; work         ;
;                |alt_u_div_use:divider|                 ; 54 (54)             ; 0 (0)                     ; 0                 ; 0          ; 0    ; 0            ; |Game_PokeD|SevenSegmentDisplay_module:seven_seg_display_inst|lpm_divide:Div0|lpm_divide_uno:auto_generated|abs_divider_7ag:divider|alt_u_div_use:divider ; alt_u_div_use              ; work         ;
;       |lpm_divide:Mod0|                                ; 54 (0)              ; 0 (0)                     ; 0                 ; 0          ; 0    ; 0            ; |Game_PokeD|SevenSegmentDisplay_module:seven_seg_display_inst|lpm_divide:Mod0                                                                             ; lpm_divide                 ; work         ;
;          |lpm_divide_1go:auto_generated|               ; 54 (0)              ; 0 (0)                     ; 0                 ; 0          ; 0    ; 0            ; |Game_PokeD|SevenSegmentDisplay_module:seven_seg_display_inst|lpm_divide:Mod0|lpm_divide_1go:auto_generated                                               ; lpm_divide_1go             ; work         ;
;             |abs_divider_7ag:divider|                  ; 54 (0)              ; 0 (0)                     ; 0                 ; 0          ; 0    ; 0            ; |Game_PokeD|SevenSegmentDisplay_module:seven_seg_display_inst|lpm_divide:Mod0|lpm_divide_1go:auto_generated|abs_divider_7ag:divider                       ; abs_divider_7ag            ; work         ;
;                |alt_u_div_use:divider|                 ; 54 (54)             ; 0 (0)                     ; 0                 ; 0          ; 0    ; 0            ; |Game_PokeD|SevenSegmentDisplay_module:seven_seg_display_inst|lpm_divide:Mod0|lpm_divide_1go:auto_generated|abs_divider_7ag:divider|alt_u_div_use:divider ; alt_u_div_use              ; work         ;
;    |clock_divider_functional:clock_divider_25MHz_inst| ; 1 (1)               ; 1 (1)                     ; 0                 ; 0          ; 0    ; 0            ; |Game_PokeD|clock_divider_functional:clock_divider_25MHz_inst                                                                                             ; clock_divider_functional   ; work         ;
;    |clock_divider_functional:clock_divider_60Hz_inst|  ; 24 (24)             ; 20 (20)                   ; 0                 ; 0          ; 0    ; 0            ; |Game_PokeD|clock_divider_functional:clock_divider_60Hz_inst                                                                                              ; clock_divider_functional   ; work         ;
;    |cpu_bot:cpu_bot_inst|                              ; 45 (28)             ; 25 (9)                    ; 0                 ; 0          ; 0    ; 0            ; |Game_PokeD|cpu_bot:cpu_bot_inst                                                                                                                          ; cpu_bot                    ; work         ;
;       |LFSR_16:lfsr_unit|                              ; 17 (0)              ; 16 (0)                    ; 0                 ; 0          ; 0    ; 0            ; |Game_PokeD|cpu_bot:cpu_bot_inst|LFSR_16:lfsr_unit                                                                                                        ; LFSR_16                    ; work         ;
;          |shift_register:my_shift_register|            ; 17 (17)             ; 16 (16)                   ; 0                 ; 0          ; 0    ; 0            ; |Game_PokeD|cpu_bot:cpu_bot_inst|LFSR_16:lfsr_unit|shift_register:my_shift_register                                                                       ; shift_register             ; work         ;
;    |game_logic_fsm:game_logic_inst|                    ; 143 (143)           ; 52 (52)                   ; 0                 ; 0          ; 0    ; 0            ; |Game_PokeD|game_logic_fsm:game_logic_inst                                                                                                                ; game_logic_fsm             ; work         ;
;    |player_fsm:player1_fsm_instance|                   ; 166 (166)           ; 56 (56)                   ; 0                 ; 0          ; 0    ; 0            ; |Game_PokeD|player_fsm:player1_fsm_instance                                                                                                               ; player_fsm                 ; work         ;
;    |player_fsm:player2_fsm_instance|                   ; 162 (162)           ; 56 (56)                   ; 0                 ; 0          ; 0    ; 0            ; |Game_PokeD|player_fsm:player2_fsm_instance                                                                                                               ; player_fsm                 ; work         ;
;    |vga_driver:vga_driver_inst|                        ; 67 (67)             ; 39 (39)                   ; 0                 ; 0          ; 0    ; 0            ; |Game_PokeD|vga_driver:vga_driver_inst                                                                                                                    ; vga_driver                 ; work         ;
;    |vga_graphics_connector:graphics_conn_inst|         ; 118 (118)           ; 0 (0)                     ; 0                 ; 0          ; 0    ; 0            ; |Game_PokeD|vga_graphics_connector:graphics_conn_inst                                                                                                     ; vga_graphics_connector     ; work         ;
+--------------------------------------------------------+---------------------+---------------------------+-------------------+------------+------+--------------+-----------------------------------------------------------------------------------------------------------------------------------------------------------+----------------------------+--------------+
Note: For table entries with two numbers listed, the numbers in parentheses indicate the number of resources of the given type used by the specific entity alone. The numbers listed outside of parentheses indicate the total resources of the given type used by the specific entity and all of its sub-entities in the hierarchy.


Encoding Type:  One-Hot
+------------------------------------------------------------------------------------------------------------------------+
; State Machine - |Game_PokeD|vga_driver:vga_driver_inst|v_state                                                         ;
+------------------------+----------------------+-----------------------+-----------------------+------------------------+
; Name                   ; v_state.V_BACK_STATE ; v_state.V_PULSE_STATE ; v_state.V_FRONT_STATE ; v_state.V_ACTIVE_STATE ;
+------------------------+----------------------+-----------------------+-----------------------+------------------------+
; v_state.V_ACTIVE_STATE ; 0                    ; 0                     ; 0                     ; 0                      ;
; v_state.V_FRONT_STATE  ; 0                    ; 0                     ; 1                     ; 1                      ;
; v_state.V_PULSE_STATE  ; 0                    ; 1                     ; 0                     ; 1                      ;
; v_state.V_BACK_STATE   ; 1                    ; 0                     ; 0                     ; 1                      ;
+------------------------+----------------------+-----------------------+-----------------------+------------------------+


Encoding Type:  One-Hot
+------------------------------------------------------------------------------------------------------------------------+
; State Machine - |Game_PokeD|vga_driver:vga_driver_inst|h_state                                                         ;
+------------------------+----------------------+-----------------------+-----------------------+------------------------+
; Name                   ; h_state.H_BACK_STATE ; h_state.H_PULSE_STATE ; h_state.H_FRONT_STATE ; h_state.H_ACTIVE_STATE ;
+------------------------+----------------------+-----------------------+-----------------------+------------------------+
; h_state.H_ACTIVE_STATE ; 0                    ; 0                     ; 0                     ; 0                      ;
; h_state.H_FRONT_STATE  ; 0                    ; 0                     ; 1                     ; 1                      ;
; h_state.H_PULSE_STATE  ; 0                    ; 1                     ; 0                     ; 1                      ;
; h_state.H_BACK_STATE   ; 1                    ; 0                     ; 0                     ; 1                      ;
+------------------------+----------------------+-----------------------+-----------------------+------------------------+


Encoding Type:  One-Hot
+------------------------------------------------------------------------------------------------------------------------------------------------------------------------------------------------------------------------------------------------------------------------------------------------------------------------------------------------------------------------------------------------------------------+
; State Machine - |Game_PokeD|player_fsm:player2_fsm_instance|current_player_state_reg                                                                                                                                                                                                                                                                                                                             ;
+------------------------------------------------+------------------------------------------+----------------------------------------+------------------------------------------------+----------------------------------------------+-----------------------------------------------+-------------------------------------------+-------------------------------------------+-------------------------------------+
; Name                                           ; current_player_state_reg.STATE_BLOCKSTUN ; current_player_state_reg.STATE_HITSTUN ; current_player_state_reg.STATE_ATTACK_RECOVERY ; current_player_state_reg.STATE_ATTACK_ACTIVE ; current_player_state_reg.STATE_ATTACK_STARTUP ; current_player_state_reg.STATE_MOVING_BWD ; current_player_state_reg.STATE_MOVING_FWD ; current_player_state_reg.STATE_IDLE ;
+------------------------------------------------+------------------------------------------+----------------------------------------+------------------------------------------------+----------------------------------------------+-----------------------------------------------+-------------------------------------------+-------------------------------------------+-------------------------------------+
; current_player_state_reg.STATE_IDLE            ; 0                                        ; 0                                      ; 0                                              ; 0                                            ; 0                                             ; 0                                         ; 0                                         ; 0                                   ;
; current_player_state_reg.STATE_MOVING_FWD      ; 0                                        ; 0                                      ; 0                                              ; 0                                            ; 0                                             ; 0                                         ; 1                                         ; 1                                   ;
; current_player_state_reg.STATE_MOVING_BWD      ; 0                                        ; 0                                      ; 0                                              ; 0                                            ; 0                                             ; 1                                         ; 0                                         ; 1                                   ;
; current_player_state_reg.STATE_ATTACK_STARTUP  ; 0                                        ; 0                                      ; 0                                              ; 0                                            ; 1                                             ; 0                                         ; 0                                         ; 1                                   ;
; current_player_state_reg.STATE_ATTACK_ACTIVE   ; 0                                        ; 0                                      ; 0                                              ; 1                                            ; 0                                             ; 0                                         ; 0                                         ; 1                                   ;
; current_player_state_reg.STATE_ATTACK_RECOVERY ; 0                                        ; 0                                      ; 1                                              ; 0                                            ; 0                                             ; 0                                         ; 0                                         ; 1                                   ;
; current_player_state_reg.STATE_HITSTUN         ; 0                                        ; 1                                      ; 0                                              ; 0                                            ; 0                                             ; 0                                         ; 0                                         ; 1                                   ;
; current_player_state_reg.STATE_BLOCKSTUN       ; 1                                        ; 0                                      ; 0                                              ; 0                                            ; 0                                             ; 0                                         ; 0                                         ; 1                                   ;
+------------------------------------------------+------------------------------------------+----------------------------------------+------------------------------------------------+----------------------------------------------+-----------------------------------------------+-------------------------------------------+-------------------------------------------+-------------------------------------+


Encoding Type:  One-Hot
+------------------------------------------------------------------------------------------------------------------------------------------------------------------------------------------------------------------------------------------------------------------------------------------------------------------------------------------------------------------------------------------------------------------+
; State Machine - |Game_PokeD|player_fsm:player1_fsm_instance|current_player_state_reg                                                                                                                                                                                                                                                                                                                             ;
+------------------------------------------------+------------------------------------------+----------------------------------------+------------------------------------------------+----------------------------------------------+-----------------------------------------------+-------------------------------------------+-------------------------------------------+-------------------------------------+
; Name                                           ; current_player_state_reg.STATE_BLOCKSTUN ; current_player_state_reg.STATE_HITSTUN ; current_player_state_reg.STATE_ATTACK_RECOVERY ; current_player_state_reg.STATE_ATTACK_ACTIVE ; current_player_state_reg.STATE_ATTACK_STARTUP ; current_player_state_reg.STATE_MOVING_BWD ; current_player_state_reg.STATE_MOVING_FWD ; current_player_state_reg.STATE_IDLE ;
+------------------------------------------------+------------------------------------------+----------------------------------------+------------------------------------------------+----------------------------------------------+-----------------------------------------------+-------------------------------------------+-------------------------------------------+-------------------------------------+
; current_player_state_reg.STATE_IDLE            ; 0                                        ; 0                                      ; 0                                              ; 0                                            ; 0                                             ; 0                                         ; 0                                         ; 0                                   ;
; current_player_state_reg.STATE_MOVING_FWD      ; 0                                        ; 0                                      ; 0                                              ; 0                                            ; 0                                             ; 0                                         ; 1                                         ; 1                                   ;
; current_player_state_reg.STATE_MOVING_BWD      ; 0                                        ; 0                                      ; 0                                              ; 0                                            ; 0                                             ; 1                                         ; 0                                         ; 1                                   ;
; current_player_state_reg.STATE_ATTACK_STARTUP  ; 0                                        ; 0                                      ; 0                                              ; 0                                            ; 1                                             ; 0                                         ; 0                                         ; 1                                   ;
; current_player_state_reg.STATE_ATTACK_ACTIVE   ; 0                                        ; 0                                      ; 0                                              ; 1                                            ; 0                                             ; 0                                         ; 0                                         ; 1                                   ;
; current_player_state_reg.STATE_ATTACK_RECOVERY ; 0                                        ; 0                                      ; 1                                              ; 0                                            ; 0                                             ; 0                                         ; 0                                         ; 1                                   ;
; current_player_state_reg.STATE_HITSTUN         ; 0                                        ; 1                                      ; 0                                              ; 0                                            ; 0                                             ; 0                                         ; 0                                         ; 1                                   ;
; current_player_state_reg.STATE_BLOCKSTUN       ; 1                                        ; 0                                      ; 0                                              ; 0                                            ; 0                                             ; 0                                         ; 0                                         ; 1                                   ;
+------------------------------------------------+------------------------------------------+----------------------------------------+------------------------------------------------+----------------------------------------------+-----------------------------------------------+-------------------------------------------+-------------------------------------------+-------------------------------------+


+---------------------------------------------------------------------------------------------------------------------------------+
; Registers Removed During Synthesis                                                                                              ;
+------------------------------------------------------------+--------------------------------------------------------------------+
; Register name                                              ; Reason for Removal                                                 ;
+------------------------------------------------------------+--------------------------------------------------------------------+
; vga_driver:vga_driver_inst|red_reg[0]                      ; Stuck at GND due to stuck port data_in                             ;
; vga_driver:vga_driver_inst|green_reg[0..4]                 ; Stuck at GND due to stuck port data_in                             ;
; vga_driver:vga_driver_inst|blue_reg[0..5]                  ; Stuck at GND due to stuck port data_in                             ;
; vga_driver:vga_driver_inst|red_reg[1..4]                   ; Stuck at GND due to stuck port data_in                             ;
; player_fsm:player2_fsm_instance|hitbox_x_offset_reg[0,4]   ; Stuck at GND due to stuck port data_in                             ;
; player_fsm:player2_fsm_instance|hitbox_width_reg[0,5..9]   ; Stuck at GND due to stuck port data_in                             ;
; player_fsm:player2_fsm_instance|o_hitbox_x_offset[0,4]     ; Stuck at GND due to stuck port data_in                             ;
; player_fsm:player2_fsm_instance|o_hitbox_width[0,5..9]     ; Stuck at GND due to stuck port data_in                             ;
; player_fsm:player1_fsm_instance|hitbox_x_offset_reg[0,4]   ; Stuck at GND due to stuck port data_in                             ;
; player_fsm:player1_fsm_instance|hitbox_width_reg[0,5..9]   ; Stuck at GND due to stuck port data_in                             ;
; player_fsm:player1_fsm_instance|o_hitbox_x_offset[0,4]     ; Stuck at GND due to stuck port data_in                             ;
; player_fsm:player1_fsm_instance|o_hitbox_width[0,5..9]     ; Stuck at GND due to stuck port data_in                             ;
; clock_divider_functional:clock_divider_25MHz_inst|count[0] ; Stuck at GND due to stuck port data_in                             ;
; player_fsm:player1_fsm_instance|hitbox_width_reg[2]        ; Merged with player_fsm:player1_fsm_instance|hitbox_width_reg[4]    ;
; player_fsm:player2_fsm_instance|hitbox_width_reg[2]        ; Merged with player_fsm:player2_fsm_instance|hitbox_width_reg[4]    ;
; player_fsm:player2_fsm_instance|hitbox_x_offset_reg[6..8]  ; Merged with player_fsm:player2_fsm_instance|hitbox_x_offset_reg[9] ;
; player_fsm:player2_fsm_instance|hitbox_width_reg[1]        ; Merged with player_fsm:player2_fsm_instance|hitbox_width_reg[3]    ;
; player_fsm:player2_fsm_instance|o_hitbox_x_offset[6..8]    ; Merged with player_fsm:player2_fsm_instance|o_hitbox_x_offset[9]   ;
; player_fsm:player2_fsm_instance|o_hitbox_width[2]          ; Merged with player_fsm:player2_fsm_instance|o_hitbox_width[4]      ;
; player_fsm:player2_fsm_instance|o_hitbox_width[1]          ; Merged with player_fsm:player2_fsm_instance|o_hitbox_width[3]      ;
; player_fsm:player1_fsm_instance|hitbox_x_offset_reg[6..8]  ; Merged with player_fsm:player1_fsm_instance|hitbox_x_offset_reg[9] ;
; player_fsm:player1_fsm_instance|hitbox_width_reg[1]        ; Merged with player_fsm:player1_fsm_instance|hitbox_width_reg[3]    ;
; player_fsm:player1_fsm_instance|o_hitbox_x_offset[6..8]    ; Merged with player_fsm:player1_fsm_instance|o_hitbox_x_offset[9]   ;
; player_fsm:player1_fsm_instance|o_hitbox_width[2]          ; Merged with player_fsm:player1_fsm_instance|o_hitbox_width[4]      ;
; player_fsm:player1_fsm_instance|o_hitbox_width[1]          ; Merged with player_fsm:player1_fsm_instance|o_hitbox_width[3]      ;
; player_fsm:player1_fsm_instance|o_hitbox_x_offset[3]       ; Merged with player_fsm:player1_fsm_instance|o_hitbox_x_offset[2]   ;
; player_fsm:player2_fsm_instance|o_hitbox_x_offset[3]       ; Merged with player_fsm:player2_fsm_instance|o_hitbox_x_offset[2]   ;
; player_fsm:player1_fsm_instance|hitbox_x_offset_reg[3]     ; Merged with player_fsm:player1_fsm_instance|hitbox_x_offset_reg[2] ;
; player_fsm:player2_fsm_instance|hitbox_x_offset_reg[3]     ; Merged with player_fsm:player2_fsm_instance|hitbox_x_offset_reg[2] ;
; vga_driver:vga_driver_inst|v_state~5                       ; Lost fanout                                                        ;
; vga_driver:vga_driver_inst|v_state~6                       ; Lost fanout                                                        ;
; vga_driver:vga_driver_inst|v_state~7                       ; Lost fanout                                                        ;
; vga_driver:vga_driver_inst|v_state~8                       ; Lost fanout                                                        ;
; vga_driver:vga_driver_inst|v_state~9                       ; Lost fanout                                                        ;
; vga_driver:vga_driver_inst|v_state~10                      ; Lost fanout                                                        ;
; vga_driver:vga_driver_inst|v_state~11                      ; Lost fanout                                                        ;
; vga_driver:vga_driver_inst|v_state~12                      ; Lost fanout                                                        ;
; vga_driver:vga_driver_inst|h_state~5                       ; Lost fanout                                                        ;
; vga_driver:vga_driver_inst|h_state~6                       ; Lost fanout                                                        ;
; vga_driver:vga_driver_inst|h_state~7                       ; Lost fanout                                                        ;
; vga_driver:vga_driver_inst|h_state~8                       ; Lost fanout                                                        ;
; vga_driver:vga_driver_inst|h_state~9                       ; Lost fanout                                                        ;
; vga_driver:vga_driver_inst|h_state~10                      ; Lost fanout                                                        ;
; vga_driver:vga_driver_inst|h_state~11                      ; Lost fanout                                                        ;
; vga_driver:vga_driver_inst|h_state~12                      ; Lost fanout                                                        ;
; player_fsm:player2_fsm_instance|current_player_state_reg~4 ; Lost fanout                                                        ;
; player_fsm:player2_fsm_instance|current_player_state_reg~5 ; Lost fanout                                                        ;
; player_fsm:player2_fsm_instance|current_player_state_reg~6 ; Lost fanout                                                        ;
; player_fsm:player2_fsm_instance|current_player_state_reg~7 ; Lost fanout                                                        ;
; player_fsm:player1_fsm_instance|current_player_state_reg~4 ; Lost fanout                                                        ;
; player_fsm:player1_fsm_instance|current_player_state_reg~5 ; Lost fanout                                                        ;
; player_fsm:player1_fsm_instance|current_player_state_reg~6 ; Lost fanout                                                        ;
; player_fsm:player1_fsm_instance|current_player_state_reg~7 ; Lost fanout                                                        ;
; game_logic_fsm:game_logic_inst|countdown_value_out[2]      ; Stuck at GND due to stuck port data_in                             ;
; Total Number of Removed Registers = 98                     ;                                                                    ;
+------------------------------------------------------------+--------------------------------------------------------------------+


+-------------------------------------------------------------------------------------------------------------------------------------------+
; Removed Registers Triggering Further Register Optimizations                                                                               ;
+--------------------------------------------------------+---------------------------+------------------------------------------------------+
; Register name                                          ; Reason for Removal        ; Registers Removed due to This Register               ;
+--------------------------------------------------------+---------------------------+------------------------------------------------------+
; player_fsm:player2_fsm_instance|hitbox_x_offset_reg[4] ; Stuck at GND              ; player_fsm:player2_fsm_instance|o_hitbox_x_offset[4] ;
;                                                        ; due to stuck port data_in ;                                                      ;
; player_fsm:player2_fsm_instance|hitbox_x_offset_reg[0] ; Stuck at GND              ; player_fsm:player2_fsm_instance|o_hitbox_x_offset[0] ;
;                                                        ; due to stuck port data_in ;                                                      ;
; player_fsm:player2_fsm_instance|hitbox_width_reg[9]    ; Stuck at GND              ; player_fsm:player2_fsm_instance|o_hitbox_width[9]    ;
;                                                        ; due to stuck port data_in ;                                                      ;
; player_fsm:player2_fsm_instance|hitbox_width_reg[8]    ; Stuck at GND              ; player_fsm:player2_fsm_instance|o_hitbox_width[8]    ;
;                                                        ; due to stuck port data_in ;                                                      ;
; player_fsm:player2_fsm_instance|hitbox_width_reg[7]    ; Stuck at GND              ; player_fsm:player2_fsm_instance|o_hitbox_width[7]    ;
;                                                        ; due to stuck port data_in ;                                                      ;
; player_fsm:player2_fsm_instance|hitbox_width_reg[6]    ; Stuck at GND              ; player_fsm:player2_fsm_instance|o_hitbox_width[6]    ;
;                                                        ; due to stuck port data_in ;                                                      ;
; player_fsm:player2_fsm_instance|hitbox_width_reg[5]    ; Stuck at GND              ; player_fsm:player2_fsm_instance|o_hitbox_width[5]    ;
;                                                        ; due to stuck port data_in ;                                                      ;
; player_fsm:player2_fsm_instance|hitbox_width_reg[0]    ; Stuck at GND              ; player_fsm:player2_fsm_instance|o_hitbox_width[0]    ;
;                                                        ; due to stuck port data_in ;                                                      ;
; player_fsm:player1_fsm_instance|hitbox_x_offset_reg[4] ; Stuck at GND              ; player_fsm:player1_fsm_instance|o_hitbox_x_offset[4] ;
;                                                        ; due to stuck port data_in ;                                                      ;
; player_fsm:player1_fsm_instance|hitbox_x_offset_reg[0] ; Stuck at GND              ; player_fsm:player1_fsm_instance|o_hitbox_x_offset[0] ;
;                                                        ; due to stuck port data_in ;                                                      ;
; player_fsm:player1_fsm_instance|hitbox_width_reg[9]    ; Stuck at GND              ; player_fsm:player1_fsm_instance|o_hitbox_width[9]    ;
;                                                        ; due to stuck port data_in ;                                                      ;
; player_fsm:player1_fsm_instance|hitbox_width_reg[8]    ; Stuck at GND              ; player_fsm:player1_fsm_instance|o_hitbox_width[8]    ;
;                                                        ; due to stuck port data_in ;                                                      ;
; player_fsm:player1_fsm_instance|hitbox_width_reg[7]    ; Stuck at GND              ; player_fsm:player1_fsm_instance|o_hitbox_width[7]    ;
;                                                        ; due to stuck port data_in ;                                                      ;
; player_fsm:player1_fsm_instance|hitbox_width_reg[6]    ; Stuck at GND              ; player_fsm:player1_fsm_instance|o_hitbox_width[6]    ;
;                                                        ; due to stuck port data_in ;                                                      ;
; player_fsm:player1_fsm_instance|hitbox_width_reg[5]    ; Stuck at GND              ; player_fsm:player1_fsm_instance|o_hitbox_width[5]    ;
;                                                        ; due to stuck port data_in ;                                                      ;
; player_fsm:player1_fsm_instance|hitbox_width_reg[0]    ; Stuck at GND              ; player_fsm:player1_fsm_instance|o_hitbox_width[0]    ;
;                                                        ; due to stuck port data_in ;                                                      ;
+--------------------------------------------------------+---------------------------+------------------------------------------------------+


+------------------------------------------------------+
; General Register Statistics                          ;
+----------------------------------------------+-------+
; Statistic                                    ; Value ;
+----------------------------------------------+-------+
; Total registers                              ; 262   ;
; Number of registers using Synchronous Clear  ; 99    ;
; Number of registers using Synchronous Load   ; 1     ;
; Number of registers using Asynchronous Clear ; 207   ;
; Number of registers using Asynchronous Load  ; 0     ;
; Number of registers using Clock Enable       ; 121   ;
; Number of registers using Preset             ; 0     ;
+----------------------------------------------+-------+


+-----------------------------------------------------------------+
; Inverted Register Statistics                                    ;
+-------------------------------------------------------+---------+
; Inverted Register                                     ; Fan out ;
+-------------------------------------------------------+---------+
; game_logic_fsm:game_logic_inst|p2_hp_out[0]           ; 8       ;
; game_logic_fsm:game_logic_inst|p2_hp_out[1]           ; 8       ;
; game_logic_fsm:game_logic_inst|p1_hp_out[0]           ; 8       ;
; game_logic_fsm:game_logic_inst|p1_hp_out[1]           ; 8       ;
; game_logic_fsm:game_logic_inst|p2_bp_out[1]           ; 4       ;
; game_logic_fsm:game_logic_inst|p2_bp_out[0]           ; 5       ;
; game_logic_fsm:game_logic_inst|p1_bp_out[1]           ; 4       ;
; game_logic_fsm:game_logic_inst|p1_bp_out[0]           ; 5       ;
; game_logic_fsm:game_logic_inst|countdown_value_out[1] ; 4       ;
; game_logic_fsm:game_logic_inst|countdown_value_out[0] ; 4       ;
; player_fsm:player2_fsm_instance|o_x_pos[8]            ; 20      ;
; player_fsm:player2_fsm_instance|o_x_pos[7]            ; 22      ;
; player_fsm:player2_fsm_instance|o_x_pos[6]            ; 23      ;
; player_fsm:player2_fsm_instance|o_x_pos[4]            ; 19      ;
; player_fsm:player2_fsm_instance|o_x_pos[3]            ; 18      ;
; player_fsm:player2_fsm_instance|o_x_pos[2]            ; 17      ;
; player_fsm:player1_fsm_instance|o_x_pos[6]            ; 23      ;
; player_fsm:player1_fsm_instance|o_x_pos[5]            ; 19      ;
; player_fsm:player1_fsm_instance|o_x_pos[2]            ; 15      ;
; player_fsm:player1_fsm_instance|o_facing_right        ; 25      ;
; player_fsm:player2_fsm_instance|x_pos_reg[8]          ; 9       ;
; player_fsm:player2_fsm_instance|x_pos_reg[7]          ; 9       ;
; player_fsm:player2_fsm_instance|x_pos_reg[6]          ; 9       ;
; player_fsm:player2_fsm_instance|x_pos_reg[4]          ; 9       ;
; player_fsm:player2_fsm_instance|x_pos_reg[3]          ; 9       ;
; player_fsm:player2_fsm_instance|x_pos_reg[2]          ; 9       ;
; player_fsm:player1_fsm_instance|x_pos_reg[6]          ; 9       ;
; player_fsm:player1_fsm_instance|x_pos_reg[5]          ; 10      ;
; player_fsm:player1_fsm_instance|x_pos_reg[2]          ; 9       ;
; player_fsm:player1_fsm_instance|facing_right_reg      ; 6       ;
; cpu_bot:cpu_bot_inst|load_lfsr_on_reset               ; 17      ;
; Total number of inverted registers = 31               ;         ;
+-------------------------------------------------------+---------+


+---------------------------------------------------------------------------------------------------------------------------------------------------------------------------------------------------------------+
; Multiplexer Restructuring Statistics (Restructuring Performed)                                                                                                                                                ;
+--------------------+-----------+---------------+----------------------+------------------------+------------+-------------------------------------------------------------------------------------------------+
; Multiplexer Inputs ; Bus Width ; Baseline Area ; Area if Restructured ; Saving if Restructured ; Registered ; Example Multiplexer Output                                                                      ;
+--------------------+-----------+---------------+----------------------+------------------------+------------+-------------------------------------------------------------------------------------------------+
; 3:1                ; 5 bits    ; 10 LEs        ; 10 LEs               ; 0 LEs                  ; Yes        ; |Game_PokeD|cpu_bot:cpu_bot_inst|action_timer_reg[3]                                            ;
; 3:1                ; 6 bits    ; 12 LEs        ; 12 LEs               ; 0 LEs                  ; Yes        ; |Game_PokeD|LED_Output_module:led_output_inst|blink_counter_reg[4]                              ;
; 3:1                ; 6 bits    ; 12 LEs        ; 12 LEs               ; 0 LEs                  ; Yes        ; |Game_PokeD|LED_Output_module:led_output_inst|o_led_p2_hp_2                                     ;
; 4:1                ; 16 bits   ; 32 LEs        ; 16 LEs               ; 16 LEs                 ; Yes        ; |Game_PokeD|cpu_bot:cpu_bot_inst|LFSR_16:lfsr_unit|shift_register:my_shift_register|data_out[3] ;
; 6:1                ; 6 bits    ; 24 LEs        ; 12 LEs               ; 12 LEs                 ; Yes        ; |Game_PokeD|game_logic_fsm:game_logic_inst|sixty_hz_tick_counter_reg[0]                         ;
; 6:1                ; 7 bits    ; 28 LEs        ; 7 LEs                ; 21 LEs                 ; Yes        ; |Game_PokeD|game_logic_fsm:game_logic_inst|game_seconds_elapsed_out[6]                          ;
; 6:1                ; 16 bits   ; 64 LEs        ; 0 LEs                ; 64 LEs                 ; Yes        ; |Game_PokeD|game_logic_fsm:game_logic_inst|frame_counter_reg[5]                                 ;
; 10:1               ; 10 bits   ; 60 LEs        ; 0 LEs                ; 60 LEs                 ; Yes        ; |Game_PokeD|vga_driver:vga_driver_inst|v_counter[3]                                             ;
; 10:1               ; 10 bits   ; 60 LEs        ; 0 LEs                ; 60 LEs                 ; Yes        ; |Game_PokeD|vga_driver:vga_driver_inst|h_counter[6]                                             ;
; 10:1               ; 2 bits    ; 12 LEs        ; 8 LEs                ; 4 LEs                  ; Yes        ; |Game_PokeD|player_fsm:player2_fsm_instance|x_pos_reg[5]                                        ;
; 10:1               ; 3 bits    ; 18 LEs        ; 12 LEs               ; 6 LEs                  ; Yes        ; |Game_PokeD|player_fsm:player1_fsm_instance|x_pos_reg[1]                                        ;
; 11:1               ; 3 bits    ; 21 LEs        ; 15 LEs               ; 6 LEs                  ; Yes        ; |Game_PokeD|player_fsm:player1_fsm_instance|x_pos_reg[9]                                        ;
; 12:1               ; 4 bits    ; 32 LEs        ; 16 LEs               ; 16 LEs                 ; Yes        ; |Game_PokeD|player_fsm:player2_fsm_instance|state_timer_reg[5]                                  ;
; 12:1               ; 4 bits    ; 32 LEs        ; 16 LEs               ; 16 LEs                 ; Yes        ; |Game_PokeD|player_fsm:player1_fsm_instance|state_timer_reg[4]                                  ;
; 6:1                ; 2 bits    ; 8 LEs         ; 2 LEs                ; 6 LEs                  ; Yes        ; |Game_PokeD|game_logic_fsm:game_logic_inst|p1_hp_out[1]                                         ;
; 6:1                ; 2 bits    ; 8 LEs         ; 2 LEs                ; 6 LEs                  ; Yes        ; |Game_PokeD|game_logic_fsm:game_logic_inst|p2_hp_out[1]                                         ;
; 6:1                ; 2 bits    ; 8 LEs         ; 2 LEs                ; 6 LEs                  ; Yes        ; |Game_PokeD|game_logic_fsm:game_logic_inst|p2_bp_out[1]                                         ;
; 6:1                ; 2 bits    ; 8 LEs         ; 2 LEs                ; 6 LEs                  ; Yes        ; |Game_PokeD|game_logic_fsm:game_logic_inst|p1_bp_out[1]                                         ;
; 7:1                ; 2 bits    ; 8 LEs         ; 4 LEs                ; 4 LEs                  ; Yes        ; |Game_PokeD|game_logic_fsm:game_logic_inst|countdown_value_out[0]                               ;
; 10:1               ; 3 bits    ; 18 LEs        ; 12 LEs               ; 6 LEs                  ; Yes        ; |Game_PokeD|player_fsm:player2_fsm_instance|x_pos_reg[4]                                        ;
; 10:1               ; 2 bits    ; 12 LEs        ; 8 LEs                ; 4 LEs                  ; Yes        ; |Game_PokeD|player_fsm:player1_fsm_instance|x_pos_reg[5]                                        ;
; 11:1               ; 3 bits    ; 21 LEs        ; 15 LEs               ; 6 LEs                  ; Yes        ; |Game_PokeD|player_fsm:player2_fsm_instance|x_pos_reg[7]                                        ;
; 4:1                ; 2 bits    ; 4 LEs         ; 4 LEs                ; 0 LEs                  ; No         ; |Game_PokeD|SevenSegmentDisplay_module:seven_seg_display_inst|Mux1                              ;
; 3:1                ; 10 bits   ; 20 LEs        ; 20 LEs               ; 0 LEs                  ; No         ; |Game_PokeD|p1_hitbox_x1_to_game_logic[9]                                                       ;
; 3:1                ; 10 bits   ; 20 LEs        ; 20 LEs               ; 0 LEs                  ; No         ; |Game_PokeD|p2_hitbox_x1_to_game_logic[2]                                                       ;
; 7:1                ; 2 bits    ; 8 LEs         ; 8 LEs                ; 0 LEs                  ; No         ; |Game_PokeD|vga_driver:vga_driver_inst|red_reg                                                  ;
; 18:1               ; 3 bits    ; 36 LEs        ; 15 LEs               ; 21 LEs                 ; No         ; |Game_PokeD|player_fsm:player2_fsm_instance|Selector7                                           ;
; 18:1               ; 3 bits    ; 36 LEs        ; 15 LEs               ; 21 LEs                 ; No         ; |Game_PokeD|player_fsm:player1_fsm_instance|Selector3                                           ;
+--------------------+-----------+---------------+----------------------+------------------------+------------+-------------------------------------------------------------------------------------------------+


+------------------------------------------------------------------------------------------------+
; Parameter Settings for User Entity Instance: clock_divider_functional:clock_divider_25MHz_inst ;
+----------------+-------+-----------------------------------------------------------------------+
; Parameter Name ; Value ; Type                                                                  ;
+----------------+-------+-----------------------------------------------------------------------+
; DIVISOR        ; 2     ; Signed Integer                                                        ;
+----------------+-------+-----------------------------------------------------------------------+
Note: In order to hide this table in the UI and the text report file, please set the "Show Parameter Settings in Synthesis Report" option in "Analysis and Synthesis Settings -> More Settings" to "Off".


+-----------------------------------------------------------------------------------------------+
; Parameter Settings for User Entity Instance: clock_divider_functional:clock_divider_60Hz_inst ;
+----------------+--------+---------------------------------------------------------------------+
; Parameter Name ; Value  ; Type                                                                ;
+----------------+--------+---------------------------------------------------------------------+
; DIVISOR        ; 833333 ; Signed Integer                                                      ;
+----------------+--------+---------------------------------------------------------------------+
Note: In order to hide this table in the UI and the text report file, please set the "Show Parameter Settings in Synthesis Report" option in "Analysis and Synthesis Settings -> More Settings" to "Off".


+----------------------------------------------------------------------------------------------------------------------+
; Parameter Settings for User Entity Instance: cpu_bot:cpu_bot_inst|LFSR_16:lfsr_unit|shift_register:my_shift_register ;
+----------------+-------+---------------------------------------------------------------------------------------------+
; Parameter Name ; Value ; Type                                                                                        ;
+----------------+-------+---------------------------------------------------------------------------------------------+
; W              ; 16    ; Signed Integer                                                                              ;
+----------------+-------+---------------------------------------------------------------------------------------------+
Note: In order to hide this table in the UI and the text report file, please set the "Show Parameter Settings in Synthesis Report" option in "Analysis and Synthesis Settings -> More Settings" to "Off".


+-------------------------------------------------------------------------+
; Parameter Settings for User Entity Instance: vga_driver:vga_driver_inst ;
+----------------+------------+-------------------------------------------+
; Parameter Name ; Value      ; Type                                      ;
+----------------+------------+-------------------------------------------+
; H_ACTIVE       ; 1001111111 ; Unsigned Binary                           ;
; H_FRONT        ; 0000001111 ; Unsigned Binary                           ;
; H_PULSE        ; 0001011111 ; Unsigned Binary                           ;
; H_BACK         ; 0000101111 ; Unsigned Binary                           ;
; V_ACTIVE       ; 0111011111 ; Unsigned Binary                           ;
; V_FRONT        ; 0000001001 ; Unsigned Binary                           ;
; V_PULSE        ; 0000000001 ; Unsigned Binary                           ;
; V_BACK         ; 0000100000 ; Unsigned Binary                           ;
; LOW            ; 0          ; Unsigned Binary                           ;
; HIGH           ; 1          ; Unsigned Binary                           ;
; H_ACTIVE_STATE ; 00000000   ; Unsigned Binary                           ;
; H_FRONT_STATE  ; 00000001   ; Unsigned Binary                           ;
; H_PULSE_STATE  ; 00000010   ; Unsigned Binary                           ;
; H_BACK_STATE   ; 00000011   ; Unsigned Binary                           ;
; V_ACTIVE_STATE ; 00000000   ; Unsigned Binary                           ;
; V_FRONT_STATE  ; 00000001   ; Unsigned Binary                           ;
; V_PULSE_STATE  ; 00000010   ; Unsigned Binary                           ;
; V_BACK_STATE   ; 00000011   ; Unsigned Binary                           ;
+----------------+------------+-------------------------------------------+
Note: In order to hide this table in the UI and the text report file, please set the "Show Parameter Settings in Synthesis Report" option in "Analysis and Synthesis Settings -> More Settings" to "Off".


+--------------------------------------------------------------------------------------------------------------------+
; Parameter Settings for Inferred Entity Instance: SevenSegmentDisplay_module:seven_seg_display_inst|lpm_divide:Mod0 ;
+------------------------+----------------+--------------------------------------------------------------------------+
; Parameter Name         ; Value          ; Type                                                                     ;
+------------------------+----------------+--------------------------------------------------------------------------+
; LPM_WIDTHN             ; 8              ; Untyped                                                                  ;
; LPM_WIDTHD             ; 5              ; Untyped                                                                  ;
; LPM_NREPRESENTATION    ; SIGNED         ; Untyped                                                                  ;
; LPM_DREPRESENTATION    ; SIGNED         ; Untyped                                                                  ;
; LPM_PIPELINE           ; 0              ; Untyped                                                                  ;
; LPM_REMAINDERPOSITIVE  ; FALSE          ; Untyped                                                                  ;
; MAXIMIZE_SPEED         ; 5              ; Untyped                                                                  ;
; CBXI_PARAMETER         ; lpm_divide_1go ; Untyped                                                                  ;
; CARRY_CHAIN            ; MANUAL         ; Untyped                                                                  ;
; OPTIMIZE_FOR_SPEED     ; 5              ; Untyped                                                                  ;
; AUTO_CARRY_CHAINS      ; ON             ; AUTO_CARRY                                                               ;
; IGNORE_CARRY_BUFFERS   ; OFF            ; IGNORE_CARRY                                                             ;
; AUTO_CASCADE_CHAINS    ; ON             ; AUTO_CASCADE                                                             ;
; IGNORE_CASCADE_BUFFERS ; OFF            ; IGNORE_CASCADE                                                           ;
+------------------------+----------------+--------------------------------------------------------------------------+
Note: In order to hide this table in the UI and the text report file, please set the "Show Parameter Settings in Synthesis Report" option in "Analysis and Synthesis Settings -> More Settings" to "Off".


+--------------------------------------------------------------------------------------------------------------------+
; Parameter Settings for Inferred Entity Instance: SevenSegmentDisplay_module:seven_seg_display_inst|lpm_divide:Div0 ;
+------------------------+----------------+--------------------------------------------------------------------------+
; Parameter Name         ; Value          ; Type                                                                     ;
+------------------------+----------------+--------------------------------------------------------------------------+
; LPM_WIDTHN             ; 8              ; Untyped                                                                  ;
; LPM_WIDTHD             ; 5              ; Untyped                                                                  ;
; LPM_NREPRESENTATION    ; SIGNED         ; Untyped                                                                  ;
; LPM_DREPRESENTATION    ; SIGNED         ; Untyped                                                                  ;
; LPM_PIPELINE           ; 0              ; Untyped                                                                  ;
; LPM_REMAINDERPOSITIVE  ; FALSE          ; Untyped                                                                  ;
; MAXIMIZE_SPEED         ; 5              ; Untyped                                                                  ;
; CBXI_PARAMETER         ; lpm_divide_uno ; Untyped                                                                  ;
; CARRY_CHAIN            ; MANUAL         ; Untyped                                                                  ;
; OPTIMIZE_FOR_SPEED     ; 5              ; Untyped                                                                  ;
; AUTO_CARRY_CHAINS      ; ON             ; AUTO_CARRY                                                               ;
; IGNORE_CARRY_BUFFERS   ; OFF            ; IGNORE_CARRY                                                             ;
; AUTO_CASCADE_CHAINS    ; ON             ; AUTO_CASCADE                                                             ;
; IGNORE_CASCADE_BUFFERS ; OFF            ; IGNORE_CASCADE                                                           ;
+------------------------+----------------+--------------------------------------------------------------------------+
Note: In order to hide this table in the UI and the text report file, please set the "Show Parameter Settings in Synthesis Report" option in "Analysis and Synthesis Settings -> More Settings" to "Off".


+----------------------------------------------------------------------------------------------------------------------------------------------------------+
; Port Connectivity Checks: "LED_Output_module:led_output_inst"                                                                                            ;
+---------------------------+--------+----------+----------------------------------------------------------------------------------------------------------+
; Port                      ; Type   ; Severity ; Details                                                                                                  ;
+---------------------------+--------+----------+----------------------------------------------------------------------------------------------------------+
; o_all_leds_blinking_state ; Output ; Warning  ; Declared by entity but not connected by instance. Logic that only feeds a dangling port will be removed. ;
+---------------------------+--------+----------+----------------------------------------------------------------------------------------------------------+


+---------------------------------------------------------------------------------------------------+
; Port Connectivity Checks: "SevenSegmentDisplay_module:seven_seg_display_inst|hexto7seg:inst_hex3" ;
+--------+-------+----------+-----------------------------------------------------------------------+
; Port   ; Type  ; Severity ; Details                                                               ;
+--------+-------+----------+-----------------------------------------------------------------------+
; hex[1] ; Input ; Info     ; Stuck at VCC                                                          ;
+--------+-------+----------+-----------------------------------------------------------------------+


+---------------------------------------------------------------------------------------------------+
; Port Connectivity Checks: "SevenSegmentDisplay_module:seven_seg_display_inst|hexto7seg:inst_hex5" ;
+--------+-------+----------+-----------------------------------------------------------------------+
; Port   ; Type  ; Severity ; Details                                                               ;
+--------+-------+----------+-----------------------------------------------------------------------+
; hex[3] ; Input ; Info     ; Stuck at VCC                                                          ;
; hex[1] ; Input ; Info     ; Stuck at VCC                                                          ;
+--------+-------+----------+-----------------------------------------------------------------------+


+-------------------------------------------------------------------------------------------------------------------------------+
; Port Connectivity Checks: "game_logic_fsm:game_logic_inst"                                                                    ;
+---------------------+--------+----------+-------------------------------------------------------------------------------------+
; Port                ; Type   ; Severity ; Details                                                                             ;
+---------------------+--------+----------+-------------------------------------------------------------------------------------+
; countdown_value_out ; Output ; Info     ; Connected to dangling logic. Logic that only feeds a dangling port will be removed. ;
; p1_bp_out           ; Output ; Info     ; Connected to dangling logic. Logic that only feeds a dangling port will be removed. ;
; p2_bp_out           ; Output ; Info     ; Connected to dangling logic. Logic that only feeds a dangling port will be removed. ;
+---------------------+--------+----------+-------------------------------------------------------------------------------------+


+---------------------------------------------------------------------------------------------------------------------------------------------------------------------------------------------------------------+
; Port Connectivity Checks: "player_fsm:player2_fsm_instance"                                                                                                                                                   ;
+------------------+--------+----------+------------------------------------------------------------------------------------------------------------------------------------------------------------------------+
; Port             ; Type   ; Severity ; Details                                                                                                                                                                ;
+------------------+--------+----------+------------------------------------------------------------------------------------------------------------------------------------------------------------------------+
; i_am_player1     ; Input  ; Info     ; Stuck at GND                                                                                                                                                           ;
; o_player_state   ; Output ; Warning  ; Output or bidir port (4 bits) is wider than the port expression (3 bits) it drives; bit(s) "o_player_state[3..3]" have no fanouts                                      ;
; o_hurtbox_width  ; Output ; Warning  ; Output or bidir port (8 bits) is smaller than the port expression (10 bits) it drives.  The 2 most-significant bit(s) in the port expression will be connected to GND. ;
; o_hurtbox_height ; Output ; Warning  ; Declared by entity but not connected by instance. Logic that only feeds a dangling port will be removed.                                                               ;
+------------------+--------+----------+------------------------------------------------------------------------------------------------------------------------------------------------------------------------+


+---------------------------------------------------------------------------------------------------------------------------------------------------------------------------------------------------------------+
; Port Connectivity Checks: "player_fsm:player1_fsm_instance"                                                                                                                                                   ;
+------------------+--------+----------+------------------------------------------------------------------------------------------------------------------------------------------------------------------------+
; Port             ; Type   ; Severity ; Details                                                                                                                                                                ;
+------------------+--------+----------+------------------------------------------------------------------------------------------------------------------------------------------------------------------------+
; i_am_player1     ; Input  ; Info     ; Stuck at VCC                                                                                                                                                           ;
; o_player_state   ; Output ; Warning  ; Output or bidir port (4 bits) is wider than the port expression (3 bits) it drives; bit(s) "o_player_state[3..3]" have no fanouts                                      ;
; o_hurtbox_width  ; Output ; Warning  ; Output or bidir port (8 bits) is smaller than the port expression (10 bits) it drives.  The 2 most-significant bit(s) in the port expression will be connected to GND. ;
; o_hurtbox_height ; Output ; Warning  ; Declared by entity but not connected by instance. Logic that only feeds a dangling port will be removed.                                                               ;
+------------------+--------+----------+------------------------------------------------------------------------------------------------------------------------------------------------------------------------+


+-----------------------------------------------------------------------------------------------------+
; Port Connectivity Checks: "cpu_bot:cpu_bot_inst|LFSR_16:lfsr_unit|shift_register:my_shift_register" ;
+----------------+-------+----------+-----------------------------------------------------------------+
; Port           ; Type  ; Severity ; Details                                                         ;
+----------------+-------+----------+-----------------------------------------------------------------+
; shift_left     ; Input ; Info     ; Stuck at GND                                                    ;
; serial_in_left ; Input ; Info     ; Stuck at GND                                                    ;
+----------------+-------+----------+-----------------------------------------------------------------+


+---------------------------------------------------------------------------------------------------------------------------+
; Port Connectivity Checks: "cpu_bot:cpu_bot_inst|LFSR_16:lfsr_unit"                                                        ;
+-----------------+--------+----------+-------------------------------------------------------------------------------------+
; Port            ; Type   ; Severity ; Details                                                                             ;
+-----------------+--------+----------+-------------------------------------------------------------------------------------+
; seed[11..10]    ; Input  ; Info     ; Stuck at VCC                                                                        ;
; seed[7..5]      ; Input  ; Info     ; Stuck at VCC                                                                        ;
; seed[9..8]      ; Input  ; Info     ; Stuck at GND                                                                        ;
; seed[4..1]      ; Input  ; Info     ; Stuck at GND                                                                        ;
; seed[15]        ; Input  ; Info     ; Stuck at VCC                                                                        ;
; seed[14]        ; Input  ; Info     ; Stuck at GND                                                                        ;
; seed[13]        ; Input  ; Info     ; Stuck at VCC                                                                        ;
; seed[12]        ; Input  ; Info     ; Stuck at GND                                                                        ;
; seed[0]         ; Input  ; Info     ; Stuck at VCC                                                                        ;
; LFSR_out[13..4] ; Output ; Info     ; Connected to dangling logic. Logic that only feeds a dangling port will be removed. ;
+-----------------+--------+----------+-------------------------------------------------------------------------------------+


+-----------------------------------------------------+
; Post-Synthesis Netlist Statistics for Top Partition ;
+-----------------------+-----------------------------+
; Type                  ; Count                       ;
+-----------------------+-----------------------------+
; arriav_ff             ; 262                         ;
;     CLR               ; 100                         ;
;     CLR SCLR          ; 22                          ;
;     ENA               ; 9                           ;
;     ENA CLR           ; 52                          ;
;     ENA CLR SCLR      ; 33                          ;
;     ENA SCLR          ; 26                          ;
;     ENA SCLR SLD      ; 1                           ;
;     SCLR              ; 17                          ;
;     plain             ; 2                           ;
; arriav_lcell_comb     ; 1056                        ;
;     arith             ; 372                         ;
;         0 data inputs ; 22                          ;
;         1 data inputs ; 243                         ;
;         2 data inputs ; 55                          ;
;         3 data inputs ; 18                          ;
;         4 data inputs ; 34                          ;
;     extend            ; 16                          ;
;         7 data inputs ; 16                          ;
;     normal            ; 618                         ;
;         0 data inputs ; 1                           ;
;         1 data inputs ; 20                          ;
;         2 data inputs ; 108                         ;
;         3 data inputs ; 84                          ;
;         4 data inputs ; 93                          ;
;         5 data inputs ; 151                         ;
;         6 data inputs ; 161                         ;
;     shared            ; 50                          ;
;         0 data inputs ; 6                           ;
;         1 data inputs ; 18                          ;
;         2 data inputs ; 26                          ;
; boundary_port         ; 93                          ;
;                       ;                             ;
; Max LUT depth         ; 12.20                       ;
; Average LUT depth     ; 5.75                        ;
+-----------------------+-----------------------------+


+-------------------------------+
; Elapsed Time Per Partition    ;
+----------------+--------------+
; Partition Name ; Elapsed Time ;
+----------------+--------------+
; Top            ; 00:00:05     ;
+----------------+--------------+


+-------------------------------+
; Analysis & Synthesis Messages ;
+-------------------------------+
Info: *******************************************************************
Info: Running Quartus Prime Analysis & Synthesis
    Info: Version 23.1std.1 Build 993 05/14/2024 SC Lite Edition
    Info: Processing started: Thu May 29 21:58:10 2025
Info: Command: quartus_map --read_settings_files=on --write_settings_files=off Game_PokeD -c Game_PokeD
Warning (18236): Number of processors has not been specified which may cause overloading on shared machines.  Set the global assignment NUM_PARALLEL_PROCESSORS in your QSF to an appropriate value for best performance.
Info (20030): Parallel compilation is enabled and will use 12 of the 12 processors detected
Info (12021): Found 1 design units, including 1 entities, in source file clock_divider_functional.v
    Info (12023): Found entity 1: clock_divider_functional File: D:/Users/mehme/Desktop/pocketgame/clock_divider_functional.v Line: 4
Info (12021): Found 1 design units, including 1 entities, in source file clock_manager_with_divider.v
    Info (12023): Found entity 1: clock_manager_with_divider File: D:/Users/mehme/Desktop/pocketgame/clock_manager_with_divider.v Line: 1
Info (12021): Found 1 design units, including 1 entities, in source file cpu_bot.v
    Info (12023): Found entity 1: cpu_bot File: D:/Users/mehme/Desktop/pocketgame/cpu_bot.v Line: 4
Info (12021): Found 1 design units, including 1 entities, in source file game_logic_fsm.v
    Info (12023): Found entity 1: game_logic_fsm File: D:/Users/mehme/Desktop/pocketgame/game_logic_fsm.v Line: 3
Info (12021): Found 1 design units, including 1 entities, in source file game_poked.v
    Info (12023): Found entity 1: Game_PokeD File: D:/Users/mehme/Desktop/pocketgame/Game_PokeD.v Line: 5
Info (12021): Found 1 design units, including 1 entities, in source file hexto7seg.v
    Info (12023): Found entity 1: hexto7seg File: D:/Users/mehme/Desktop/pocketgame/hexto7seg.v Line: 1
Info (12021): Found 1 design units, including 1 entities, in source file input_handler.v
    Info (12023): Found entity 1: input_handler File: D:/Users/mehme/Desktop/pocketgame/input_handler.v Line: 2
Info (12021): Found 1 design units, including 1 entities, in source file led_driver.v
    Info (12023): Found entity 1: led_driver File: D:/Users/mehme/Desktop/pocketgame/led_driver.v Line: 2
Info (12021): Found 1 design units, including 1 entities, in source file led_output_module.v
    Info (12023): Found entity 1: LED_Output_module File: D:/Users/mehme/Desktop/pocketgame/LED_Output_module.v Line: 2
Info (12021): Found 1 design units, including 1 entities, in source file lfsr_16.v
    Info (12023): Found entity 1: LFSR_16 File: D:/Users/mehme/Desktop/pocketgame/LFSR_16.v Line: 1
Info (12021): Found 1 design units, including 1 entities, in source file player_fsm.v
    Info (12023): Found entity 1: player_fsm File: D:/Users/mehme/Desktop/pocketgame/player_fsm.v Line: 4
Info (12021): Found 1 design units, including 1 entities, in source file sevensegmentdisplay_module.v
    Info (12023): Found entity 1: SevenSegmentDisplay_module File: D:/Users/mehme/Desktop/pocketgame/SevenSegmentDisplay_module.v Line: 2
Info (12021): Found 1 design units, including 1 entities, in source file shift_register.v
    Info (12023): Found entity 1: shift_register File: D:/Users/mehme/Desktop/pocketgame/shift_register.v Line: 1
Info (12021): Found 1 design units, including 1 entities, in source file vga_driver.v
    Info (12023): Found entity 1: vga_driver File: D:/Users/mehme/Desktop/pocketgame/vga_driver.v Line: 6
Info (12021): Found 1 design units, including 1 entities, in source file vga_graphics_connector.v
    Info (12023): Found entity 1: vga_graphics_connector File: D:/Users/mehme/Desktop/pocketgame/vga_graphics_connector.v Line: 2
Info (12021): Found 1 design units, including 1 entities, in source file vga_timing_controller.v
    Info (12023): Found entity 1: vga_timing_controller File: D:/Users/mehme/Desktop/pocketgame/vga_timing_controller.v Line: 3
Info (12127): Elaborating entity "Game_PokeD" for the top level hierarchy
Warning (10230): Verilog HDL assignment warning at Game_PokeD.v(233): truncated value with size 32 to match size of target (10) File: D:/Users/mehme/Desktop/pocketgame/Game_PokeD.v Line: 233
Warning (10230): Verilog HDL assignment warning at Game_PokeD.v(240): truncated value with size 32 to match size of target (10) File: D:/Users/mehme/Desktop/pocketgame/Game_PokeD.v Line: 240
Warning (10230): Verilog HDL assignment warning at Game_PokeD.v(248): truncated value with size 32 to match size of target (10) File: D:/Users/mehme/Desktop/pocketgame/Game_PokeD.v Line: 248
Warning (10230): Verilog HDL assignment warning at Game_PokeD.v(255): truncated value with size 32 to match size of target (10) File: D:/Users/mehme/Desktop/pocketgame/Game_PokeD.v Line: 255
Info (12128): Elaborating entity "clock_divider_functional" for hierarchy "clock_divider_functional:clock_divider_25MHz_inst" File: D:/Users/mehme/Desktop/pocketgame/Game_PokeD.v Line: 125
Warning (10230): Verilog HDL assignment warning at clock_divider_functional.v(43): truncated value with size 32 to match size of target (1) File: D:/Users/mehme/Desktop/pocketgame/clock_divider_functional.v Line: 43
Info (12128): Elaborating entity "clock_divider_functional" for hierarchy "clock_divider_functional:clock_divider_60Hz_inst" File: D:/Users/mehme/Desktop/pocketgame/Game_PokeD.v Line: 128
Warning (10230): Verilog HDL assignment warning at clock_divider_functional.v(43): truncated value with size 32 to match size of target (19) File: D:/Users/mehme/Desktop/pocketgame/clock_divider_functional.v Line: 43
Info (12128): Elaborating entity "cpu_bot" for hierarchy "cpu_bot:cpu_bot_inst" File: D:/Users/mehme/Desktop/pocketgame/Game_PokeD.v Line: 160
Warning (10230): Verilog HDL assignment warning at cpu_bot.v(88): truncated value with size 32 to match size of target (5) File: D:/Users/mehme/Desktop/pocketgame/cpu_bot.v Line: 88
Info (12128): Elaborating entity "LFSR_16" for hierarchy "cpu_bot:cpu_bot_inst|LFSR_16:lfsr_unit" File: D:/Users/mehme/Desktop/pocketgame/cpu_bot.v Line: 38
Info (12128): Elaborating entity "shift_register" for hierarchy "cpu_bot:cpu_bot_inst|LFSR_16:lfsr_unit|shift_register:my_shift_register" File: D:/Users/mehme/Desktop/pocketgame/LFSR_16.v Line: 19
Info (12128): Elaborating entity "player_fsm" for hierarchy "player_fsm:player1_fsm_instance" File: D:/Users/mehme/Desktop/pocketgame/Game_PokeD.v Line: 190
Warning (10230): Verilog HDL assignment warning at player_fsm.v(83): truncated value with size 32 to match size of target (8) File: D:/Users/mehme/Desktop/pocketgame/player_fsm.v Line: 83
Warning (10230): Verilog HDL assignment warning at player_fsm.v(84): truncated value with size 32 to match size of target (8) File: D:/Users/mehme/Desktop/pocketgame/player_fsm.v Line: 84
Warning (10230): Verilog HDL assignment warning at player_fsm.v(91): truncated value with size 32 to match size of target (10) File: D:/Users/mehme/Desktop/pocketgame/player_fsm.v Line: 91
Warning (10230): Verilog HDL assignment warning at player_fsm.v(99): truncated value with size 32 to match size of target (10) File: D:/Users/mehme/Desktop/pocketgame/player_fsm.v Line: 99
Warning (10230): Verilog HDL assignment warning at player_fsm.v(125): truncated value with size 32 to match size of target (8) File: D:/Users/mehme/Desktop/pocketgame/player_fsm.v Line: 125
Warning (10230): Verilog HDL assignment warning at player_fsm.v(126): truncated value with size 32 to match size of target (8) File: D:/Users/mehme/Desktop/pocketgame/player_fsm.v Line: 126
Warning (10230): Verilog HDL assignment warning at player_fsm.v(153): truncated value with size 32 to match size of target (8) File: D:/Users/mehme/Desktop/pocketgame/player_fsm.v Line: 153
Warning (10230): Verilog HDL assignment warning at player_fsm.v(156): truncated value with size 32 to match size of target (8) File: D:/Users/mehme/Desktop/pocketgame/player_fsm.v Line: 156
Warning (10230): Verilog HDL assignment warning at player_fsm.v(160): truncated value with size 32 to match size of target (8) File: D:/Users/mehme/Desktop/pocketgame/player_fsm.v Line: 160
Warning (10230): Verilog HDL assignment warning at player_fsm.v(174): truncated value with size 32 to match size of target (10) File: D:/Users/mehme/Desktop/pocketgame/player_fsm.v Line: 174
Warning (10230): Verilog HDL assignment warning at player_fsm.v(178): truncated value with size 32 to match size of target (10) File: D:/Users/mehme/Desktop/pocketgame/player_fsm.v Line: 178
Warning (10230): Verilog HDL assignment warning at player_fsm.v(181): truncated value with size 32 to match size of target (10) File: D:/Users/mehme/Desktop/pocketgame/player_fsm.v Line: 181
Warning (10230): Verilog HDL assignment warning at player_fsm.v(185): truncated value with size 32 to match size of target (10) File: D:/Users/mehme/Desktop/pocketgame/player_fsm.v Line: 185
Warning (10230): Verilog HDL assignment warning at player_fsm.v(192): truncated value with size 32 to match size of target (8) File: D:/Users/mehme/Desktop/pocketgame/player_fsm.v Line: 192
Warning (10230): Verilog HDL assignment warning at player_fsm.v(195): truncated value with size 32 to match size of target (8) File: D:/Users/mehme/Desktop/pocketgame/player_fsm.v Line: 195
Warning (10230): Verilog HDL assignment warning at player_fsm.v(199): truncated value with size 32 to match size of target (8) File: D:/Users/mehme/Desktop/pocketgame/player_fsm.v Line: 199
Warning (10230): Verilog HDL assignment warning at player_fsm.v(213): truncated value with size 32 to match size of target (10) File: D:/Users/mehme/Desktop/pocketgame/player_fsm.v Line: 213
Warning (10230): Verilog HDL assignment warning at player_fsm.v(219): truncated value with size 32 to match size of target (10) File: D:/Users/mehme/Desktop/pocketgame/player_fsm.v Line: 219
Warning (10230): Verilog HDL assignment warning at player_fsm.v(221): truncated value with size 32 to match size of target (10) File: D:/Users/mehme/Desktop/pocketgame/player_fsm.v Line: 221
Warning (10230): Verilog HDL assignment warning at player_fsm.v(227): truncated value with size 32 to match size of target (8) File: D:/Users/mehme/Desktop/pocketgame/player_fsm.v Line: 227
Warning (10230): Verilog HDL assignment warning at player_fsm.v(230): truncated value with size 32 to match size of target (8) File: D:/Users/mehme/Desktop/pocketgame/player_fsm.v Line: 230
Warning (10230): Verilog HDL assignment warning at player_fsm.v(234): truncated value with size 32 to match size of target (8) File: D:/Users/mehme/Desktop/pocketgame/player_fsm.v Line: 234
Warning (10230): Verilog HDL assignment warning at player_fsm.v(247): truncated value with size 32 to match size of target (8) File: D:/Users/mehme/Desktop/pocketgame/player_fsm.v Line: 247
Warning (10230): Verilog HDL assignment warning at player_fsm.v(251): truncated value with size 32 to match size of target (8) File: D:/Users/mehme/Desktop/pocketgame/player_fsm.v Line: 251
Warning (10230): Verilog HDL assignment warning at player_fsm.v(253): truncated value with size 32 to match size of target (8) File: D:/Users/mehme/Desktop/pocketgame/player_fsm.v Line: 253
Warning (10230): Verilog HDL assignment warning at player_fsm.v(259): truncated value with size 32 to match size of target (10) File: D:/Users/mehme/Desktop/pocketgame/player_fsm.v Line: 259
Warning (10230): Verilog HDL assignment warning at player_fsm.v(261): truncated value with size 32 to match size of target (10) File: D:/Users/mehme/Desktop/pocketgame/player_fsm.v Line: 261
Warning (10230): Verilog HDL assignment warning at player_fsm.v(263): truncated value with size 32 to match size of target (10) File: D:/Users/mehme/Desktop/pocketgame/player_fsm.v Line: 263
Warning (10230): Verilog HDL assignment warning at player_fsm.v(268): truncated value with size 32 to match size of target (8) File: D:/Users/mehme/Desktop/pocketgame/player_fsm.v Line: 268
Warning (10230): Verilog HDL assignment warning at player_fsm.v(272): truncated value with size 32 to match size of target (8) File: D:/Users/mehme/Desktop/pocketgame/player_fsm.v Line: 272
Warning (10230): Verilog HDL assignment warning at player_fsm.v(275): truncated value with size 32 to match size of target (8) File: D:/Users/mehme/Desktop/pocketgame/player_fsm.v Line: 275
Warning (10230): Verilog HDL assignment warning at player_fsm.v(283): truncated value with size 32 to match size of target (8) File: D:/Users/mehme/Desktop/pocketgame/player_fsm.v Line: 283
Warning (10230): Verilog HDL assignment warning at player_fsm.v(287): truncated value with size 32 to match size of target (8) File: D:/Users/mehme/Desktop/pocketgame/player_fsm.v Line: 287
Warning (10230): Verilog HDL assignment warning at player_fsm.v(296): truncated value with size 32 to match size of target (8) File: D:/Users/mehme/Desktop/pocketgame/player_fsm.v Line: 296
Warning (10230): Verilog HDL assignment warning at player_fsm.v(305): truncated value with size 32 to match size of target (8) File: D:/Users/mehme/Desktop/pocketgame/player_fsm.v Line: 305
Info (12128): Elaborating entity "game_logic_fsm" for hierarchy "game_logic_fsm:game_logic_inst" File: D:/Users/mehme/Desktop/pocketgame/Game_PokeD.v Line: 288
Warning (10230): Verilog HDL assignment warning at game_logic_fsm.v(83): truncated value with size 32 to match size of target (3) File: D:/Users/mehme/Desktop/pocketgame/game_logic_fsm.v Line: 83
Warning (10230): Verilog HDL assignment warning at game_logic_fsm.v(84): truncated value with size 32 to match size of target (3) File: D:/Users/mehme/Desktop/pocketgame/game_logic_fsm.v Line: 84
Warning (10230): Verilog HDL assignment warning at game_logic_fsm.v(85): truncated value with size 32 to match size of target (3) File: D:/Users/mehme/Desktop/pocketgame/game_logic_fsm.v Line: 85
Warning (10230): Verilog HDL assignment warning at game_logic_fsm.v(86): truncated value with size 32 to match size of target (3) File: D:/Users/mehme/Desktop/pocketgame/game_logic_fsm.v Line: 86
Warning (10230): Verilog HDL assignment warning at game_logic_fsm.v(98): truncated value with size 32 to match size of target (3) File: D:/Users/mehme/Desktop/pocketgame/game_logic_fsm.v Line: 98
Warning (10230): Verilog HDL assignment warning at game_logic_fsm.v(99): truncated value with size 32 to match size of target (3) File: D:/Users/mehme/Desktop/pocketgame/game_logic_fsm.v Line: 99
Warning (10230): Verilog HDL assignment warning at game_logic_fsm.v(100): truncated value with size 32 to match size of target (3) File: D:/Users/mehme/Desktop/pocketgame/game_logic_fsm.v Line: 100
Warning (10230): Verilog HDL assignment warning at game_logic_fsm.v(101): truncated value with size 32 to match size of target (3) File: D:/Users/mehme/Desktop/pocketgame/game_logic_fsm.v Line: 101
Warning (10230): Verilog HDL assignment warning at game_logic_fsm.v(131): truncated value with size 32 to match size of target (3) File: D:/Users/mehme/Desktop/pocketgame/game_logic_fsm.v Line: 131
Warning (10230): Verilog HDL assignment warning at game_logic_fsm.v(132): truncated value with size 32 to match size of target (3) File: D:/Users/mehme/Desktop/pocketgame/game_logic_fsm.v Line: 132
Warning (10230): Verilog HDL assignment warning at game_logic_fsm.v(133): truncated value with size 32 to match size of target (3) File: D:/Users/mehme/Desktop/pocketgame/game_logic_fsm.v Line: 133
Warning (10230): Verilog HDL assignment warning at game_logic_fsm.v(134): truncated value with size 32 to match size of target (3) File: D:/Users/mehme/Desktop/pocketgame/game_logic_fsm.v Line: 134
Warning (10230): Verilog HDL assignment warning at game_logic_fsm.v(148): truncated value with size 32 to match size of target (3) File: D:/Users/mehme/Desktop/pocketgame/game_logic_fsm.v Line: 148
Warning (10230): Verilog HDL assignment warning at game_logic_fsm.v(151): truncated value with size 32 to match size of target (16) File: D:/Users/mehme/Desktop/pocketgame/game_logic_fsm.v Line: 151
Warning (10230): Verilog HDL assignment warning at game_logic_fsm.v(159): truncated value with size 32 to match size of target (7) File: D:/Users/mehme/Desktop/pocketgame/game_logic_fsm.v Line: 159
Warning (10230): Verilog HDL assignment warning at game_logic_fsm.v(167): truncated value with size 32 to match size of target (6) File: D:/Users/mehme/Desktop/pocketgame/game_logic_fsm.v Line: 167
Warning (10230): Verilog HDL assignment warning at game_logic_fsm.v(176): truncated value with size 32 to match size of target (3) File: D:/Users/mehme/Desktop/pocketgame/game_logic_fsm.v Line: 176
Warning (10230): Verilog HDL assignment warning at game_logic_fsm.v(182): truncated value with size 32 to match size of target (3) File: D:/Users/mehme/Desktop/pocketgame/game_logic_fsm.v Line: 182
Warning (10230): Verilog HDL assignment warning at game_logic_fsm.v(195): truncated value with size 32 to match size of target (3) File: D:/Users/mehme/Desktop/pocketgame/game_logic_fsm.v Line: 195
Warning (10230): Verilog HDL assignment warning at game_logic_fsm.v(201): truncated value with size 32 to match size of target (3) File: D:/Users/mehme/Desktop/pocketgame/game_logic_fsm.v Line: 201
Info (12128): Elaborating entity "vga_graphics_connector" for hierarchy "vga_graphics_connector:graphics_conn_inst" File: D:/Users/mehme/Desktop/pocketgame/Game_PokeD.v Line: 301
Warning (10230): Verilog HDL assignment warning at vga_graphics_connector.v(73): truncated value with size 32 to match size of target (10) File: D:/Users/mehme/Desktop/pocketgame/vga_graphics_connector.v Line: 73
Warning (10230): Verilog HDL assignment warning at vga_graphics_connector.v(74): truncated value with size 32 to match size of target (10) File: D:/Users/mehme/Desktop/pocketgame/vga_graphics_connector.v Line: 74
Warning (10230): Verilog HDL assignment warning at vga_graphics_connector.v(85): truncated value with size 32 to match size of target (10) File: D:/Users/mehme/Desktop/pocketgame/vga_graphics_connector.v Line: 85
Warning (10230): Verilog HDL assignment warning at vga_graphics_connector.v(86): truncated value with size 32 to match size of target (10) File: D:/Users/mehme/Desktop/pocketgame/vga_graphics_connector.v Line: 86
Info (12128): Elaborating entity "vga_driver" for hierarchy "vga_driver:vga_driver_inst" File: D:/Users/mehme/Desktop/pocketgame/Game_PokeD.v Line: 311
Info (12128): Elaborating entity "SevenSegmentDisplay_module" for hierarchy "SevenSegmentDisplay_module:seven_seg_display_inst" File: D:/Users/mehme/Desktop/pocketgame/Game_PokeD.v Line: 326
Warning (10230): Verilog HDL assignment warning at SevenSegmentDisplay_module.v(95): truncated value with size 32 to match size of target (4) File: D:/Users/mehme/Desktop/pocketgame/SevenSegmentDisplay_module.v Line: 95
Warning (10230): Verilog HDL assignment warning at SevenSegmentDisplay_module.v(96): truncated value with size 32 to match size of target (4) File: D:/Users/mehme/Desktop/pocketgame/SevenSegmentDisplay_module.v Line: 96
Info (12128): Elaborating entity "hexto7seg" for hierarchy "SevenSegmentDisplay_module:seven_seg_display_inst|hexto7seg:inst_hex5" File: D:/Users/mehme/Desktop/pocketgame/SevenSegmentDisplay_module.v Line: 126
Info (12128): Elaborating entity "LED_Output_module" for hierarchy "LED_Output_module:led_output_inst" File: D:/Users/mehme/Desktop/pocketgame/Game_PokeD.v Line: 337
Warning (10230): Verilog HDL assignment warning at LED_Output_module.v(51): truncated value with size 32 to match size of target (6) File: D:/Users/mehme/Desktop/pocketgame/LED_Output_module.v Line: 51
Info (278001): Inferred 2 megafunctions from design logic
    Info (278004): Inferred divider/modulo megafunction ("lpm_divide") from the following logic: "SevenSegmentDisplay_module:seven_seg_display_inst|Mod0" File: D:/Users/mehme/Desktop/pocketgame/SevenSegmentDisplay_module.v Line: 96
    Info (278004): Inferred divider/modulo megafunction ("lpm_divide") from the following logic: "SevenSegmentDisplay_module:seven_seg_display_inst|Div0" File: D:/Users/mehme/Desktop/pocketgame/SevenSegmentDisplay_module.v Line: 95
Info (12130): Elaborated megafunction instantiation "SevenSegmentDisplay_module:seven_seg_display_inst|lpm_divide:Mod0" File: D:/Users/mehme/Desktop/pocketgame/SevenSegmentDisplay_module.v Line: 96
Info (12133): Instantiated megafunction "SevenSegmentDisplay_module:seven_seg_display_inst|lpm_divide:Mod0" with the following parameter: File: D:/Users/mehme/Desktop/pocketgame/SevenSegmentDisplay_module.v Line: 96
    Info (12134): Parameter "LPM_WIDTHN" = "8"
    Info (12134): Parameter "LPM_WIDTHD" = "5"
    Info (12134): Parameter "LPM_NREPRESENTATION" = "SIGNED"
    Info (12134): Parameter "LPM_DREPRESENTATION" = "SIGNED"
    Info (12134): Parameter "LPM_HINT" = "LPM_REMAINDERPOSITIVE=FALSE"
Info (12021): Found 1 design units, including 1 entities, in source file db/lpm_divide_1go.tdf
    Info (12023): Found entity 1: lpm_divide_1go File: D:/Users/mehme/Desktop/pocketgame/db/lpm_divide_1go.tdf Line: 25
Info (12021): Found 1 design units, including 1 entities, in source file db/abs_divider_7ag.tdf
    Info (12023): Found entity 1: abs_divider_7ag File: D:/Users/mehme/Desktop/pocketgame/db/abs_divider_7ag.tdf Line: 29
Info (12021): Found 1 design units, including 1 entities, in source file db/alt_u_div_use.tdf
    Info (12023): Found entity 1: alt_u_div_use File: D:/Users/mehme/Desktop/pocketgame/db/alt_u_div_use.tdf Line: 23
Info (12021): Found 1 design units, including 1 entities, in source file db/lpm_abs_kn9.tdf
    Info (12023): Found entity 1: lpm_abs_kn9 File: D:/Users/mehme/Desktop/pocketgame/db/lpm_abs_kn9.tdf Line: 23
Info (12021): Found 1 design units, including 1 entities, in source file db/lpm_abs_nn9.tdf
    Info (12023): Found entity 1: lpm_abs_nn9 File: D:/Users/mehme/Desktop/pocketgame/db/lpm_abs_nn9.tdf Line: 23
Info (12130): Elaborated megafunction instantiation "SevenSegmentDisplay_module:seven_seg_display_inst|lpm_divide:Div0" File: D:/Users/mehme/Desktop/pocketgame/SevenSegmentDisplay_module.v Line: 95
Info (12133): Instantiated megafunction "SevenSegmentDisplay_module:seven_seg_display_inst|lpm_divide:Div0" with the following parameter: File: D:/Users/mehme/Desktop/pocketgame/SevenSegmentDisplay_module.v Line: 95
    Info (12134): Parameter "LPM_WIDTHN" = "8"
    Info (12134): Parameter "LPM_WIDTHD" = "5"
    Info (12134): Parameter "LPM_NREPRESENTATION" = "SIGNED"
    Info (12134): Parameter "LPM_DREPRESENTATION" = "SIGNED"
    Info (12134): Parameter "LPM_HINT" = "LPM_REMAINDERPOSITIVE=FALSE"
Info (12021): Found 1 design units, including 1 entities, in source file db/lpm_divide_uno.tdf
    Info (12023): Found entity 1: lpm_divide_uno File: D:/Users/mehme/Desktop/pocketgame/db/lpm_divide_uno.tdf Line: 25
Warning (12241): 3 hierarchies have connectivity warnings - see the Connectivity Checks report folder
Info (13000): Registers with preset signals will power-up high File: D:/Users/mehme/Desktop/pocketgame/player_fsm.v Line: 106
Info (13003): DEV_CLRn pin will set, and not reset, register with preset signal due to NOT Gate Push-Back
Warning (13024): Output pins are stuck at VCC or GND
    Warning (13410): Pin "HEX2[5]" is stuck at GND File: D:/Users/mehme/Desktop/pocketgame/Game_PokeD.v Line: 13
    Warning (13410): Pin "HEX2[6]" is stuck at GND File: D:/Users/mehme/Desktop/pocketgame/Game_PokeD.v Line: 13
    Warning (13410): Pin "HEX3[4]" is stuck at GND File: D:/Users/mehme/Desktop/pocketgame/Game_PokeD.v Line: 14
    Warning (13410): Pin "HEX3[5]" is stuck at GND File: D:/Users/mehme/Desktop/pocketgame/Game_PokeD.v Line: 14
    Warning (13410): Pin "HEX3[6]" is stuck at GND File: D:/Users/mehme/Desktop/pocketgame/Game_PokeD.v Line: 14
    Warning (13410): Pin "HEX5[0]" is stuck at GND File: D:/Users/mehme/Desktop/pocketgame/Game_PokeD.v Line: 16
    Warning (13410): Pin "HEX5[4]" is stuck at GND File: D:/Users/mehme/Desktop/pocketgame/Game_PokeD.v Line: 16
    Warning (13410): Pin "HEX5[5]" is stuck at GND File: D:/Users/mehme/Desktop/pocketgame/Game_PokeD.v Line: 16
    Warning (13410): Pin "HEX5[6]" is stuck at GND File: D:/Users/mehme/Desktop/pocketgame/Game_PokeD.v Line: 16
    Warning (13410): Pin "VGA_B[0]" is stuck at GND File: D:/Users/mehme/Desktop/pocketgame/Game_PokeD.v Line: 31
    Warning (13410): Pin "VGA_B[1]" is stuck at GND File: D:/Users/mehme/Desktop/pocketgame/Game_PokeD.v Line: 31
    Warning (13410): Pin "VGA_B[2]" is stuck at GND File: D:/Users/mehme/Desktop/pocketgame/Game_PokeD.v Line: 31
    Warning (13410): Pin "VGA_B[3]" is stuck at GND File: D:/Users/mehme/Desktop/pocketgame/Game_PokeD.v Line: 31
    Warning (13410): Pin "VGA_B[4]" is stuck at GND File: D:/Users/mehme/Desktop/pocketgame/Game_PokeD.v Line: 31
    Warning (13410): Pin "VGA_B[5]" is stuck at GND File: D:/Users/mehme/Desktop/pocketgame/Game_PokeD.v Line: 31
    Warning (13410): Pin "VGA_G[0]" is stuck at GND File: D:/Users/mehme/Desktop/pocketgame/Game_PokeD.v Line: 33
    Warning (13410): Pin "VGA_G[1]" is stuck at GND File: D:/Users/mehme/Desktop/pocketgame/Game_PokeD.v Line: 33
    Warning (13410): Pin "VGA_G[2]" is stuck at GND File: D:/Users/mehme/Desktop/pocketgame/Game_PokeD.v Line: 33
    Warning (13410): Pin "VGA_G[3]" is stuck at GND File: D:/Users/mehme/Desktop/pocketgame/Game_PokeD.v Line: 33
    Warning (13410): Pin "VGA_G[4]" is stuck at GND File: D:/Users/mehme/Desktop/pocketgame/Game_PokeD.v Line: 33
    Warning (13410): Pin "VGA_R[0]" is stuck at GND File: D:/Users/mehme/Desktop/pocketgame/Game_PokeD.v Line: 35
    Warning (13410): Pin "VGA_R[1]" is stuck at GND File: D:/Users/mehme/Desktop/pocketgame/Game_PokeD.v Line: 35
    Warning (13410): Pin "VGA_R[2]" is stuck at GND File: D:/Users/mehme/Desktop/pocketgame/Game_PokeD.v Line: 35
    Warning (13410): Pin "VGA_R[3]" is stuck at GND File: D:/Users/mehme/Desktop/pocketgame/Game_PokeD.v Line: 35
    Warning (13410): Pin "VGA_R[4]" is stuck at GND File: D:/Users/mehme/Desktop/pocketgame/Game_PokeD.v Line: 35
    Warning (13410): Pin "VGA_SYNC_N" is stuck at GND File: D:/Users/mehme/Desktop/pocketgame/Game_PokeD.v Line: 36
Info (286030): Timing-Driven Synthesis is running
Info (17049): 24 registers lost all their fanouts during netlist optimizations.
Info (144001): Generated suppressed messages file D:/Users/mehme/Desktop/pocketgame/Game_PokeD.map.smsg
Info (16010): Generating hard_block partition "hard_block:auto_generated_inst"
    Info (16011): Adding 0 node(s), including 0 DDIO, 0 PLL, 0 transceiver and 0 LCELL
Warning (21074): Design contains 6 input pin(s) that do not drive logic
    Warning (15610): No output dependent on input pin "SW[1]" File: D:/Users/mehme/Desktop/pocketgame/Game_PokeD.v Line: 27
    Warning (15610): No output dependent on input pin "SW[5]" File: D:/Users/mehme/Desktop/pocketgame/Game_PokeD.v Line: 27
    Warning (15610): No output dependent on input pin "SW[6]" File: D:/Users/mehme/Desktop/pocketgame/Game_PokeD.v Line: 27
    Warning (15610): No output dependent on input pin "SW[7]" File: D:/Users/mehme/Desktop/pocketgame/Game_PokeD.v Line: 27
    Warning (15610): No output dependent on input pin "SW[8]" File: D:/Users/mehme/Desktop/pocketgame/Game_PokeD.v Line: 27
    Warning (15610): No output dependent on input pin "SW[9]" File: D:/Users/mehme/Desktop/pocketgame/Game_PokeD.v Line: 27
Info (21057): Implemented 1191 device resources after synthesis - the final resource count might be different
    Info (21058): Implemented 15 input pins
    Info (21059): Implemented 78 output pins
    Info (21061): Implemented 1098 logic cells
Info: Quartus Prime Analysis & Synthesis was successful. 0 errors, 105 warnings
    Info: Peak virtual memory: 4887 megabytes
    Info: Processing ended: Thu May 29 21:58:32 2025
    Info: Elapsed time: 00:00:22
    Info: Total CPU time (on all processors): 00:00:46


+------------------------------------------+
; Analysis & Synthesis Suppressed Messages ;
+------------------------------------------+
The suppressed messages can be found in D:/Users/mehme/Desktop/pocketgame/Game_PokeD.map.smsg.


